frame_number,timestamp,total_crowd_count,overall_density,zone_1_1_density,zone_1_2_density,zone_1_3_density,zone_2_1_density,zone_2_2_density,zone_2_3_density,zone_3_1_density,zone_3_2_density,zone_3_3_density,alerts_count,high_alerts,medium_alerts
1,2025-08-23T11:24:57.778082,4,3.8900318e-05,6.405564e-05,3.6103163e-05,6.317011e-05,1.6505757e-05,6.1021314e-05,8.596464e-05,3.1707395e-06,1.6923488e-05,3.1879847e-06,0,0,0
2,2025-08-23T11:24:57.843740,4,4.6344685e-05,8.709985e-05,4.4275464e-05,6.906033e-05,2.2926708e-05,7.818623e-05,8.4599e-05,2.9233606e-06,2.40184e-05,4.0128048e-06,0,0,0
3,2025-08-23T11:24:57.963336,5,4.7751106e-05,8.5489504e-05,4.693764e-05,7.7764314e-05,2.0895151e-05,6.93152e-05,0.000100117526,1.1866664e-06,2.3981705e-05,4.072225e-06,0,0,0
4,2025-08-23T11:24:58.020131,5,4.9706352e-05,7.8968806e-05,5.1098647e-05,7.4919604e-05,1.9350939e-05,8.795061e-05,0.00010234148,1.743385e-06,2.5003787e-05,5.9799454e-06,0,0,0
5,2025-08-23T11:24:58.075707,5,5.3674597e-05,7.167129e-05,5.720065e-05,7.678816e-05,1.2025866e-05,9.962713e-05,0.00013217326,6.2647327e-06,2.2133652e-05,5.1866596e-06,0,0,0
6,2025-08-23T11:24:58.128383,5,5.2873664e-05,7.5535245e-05,5.1439623e-05,7.832429e-05,1.46228895e-05,9.43585e-05,0.00012417677,7.172139e-06,2.6703621e-05,3.5299051e-06,0,0,0
7,2025-08-23T11:24:58.174764,5,5.421303e-05,8.406068e-05,5.7081532e-05,9.66608e-05,1.6744698e-05,9.101371e-05,0.0001043018,1.2704157e-05,2.0070873e-05,5.279018e-06,0,0,0
8,2025-08-23T11:24:58.220613,5,5.7044686e-05,8.122093e-05,7.153352e-05,8.8700064e-05,1.6880571e-05,8.942716e-05,0.00012915253,5.8196433e-06,2.0356618e-05,1.0311166e-05,0,0,0
9,2025-08-23T11:24:58.266936,6,6.192277e-05,8.590315e-05,7.682282e-05,9.050251e-05,2.2353513e-05,9.153373e-05,0.00014000067,1.8739365e-05,2.0590069e-05,1.085908e-05,0,0,0
10,2025-08-23T11:24:58.313542,6,6.460506e-05,8.848257e-05,7.76681e-05,9.492903e-05,2.668171e-05,9.801238e-05,0.00014533476,1.5001477e-05,2.3437533e-05,1.1897918e-05,0,0,0
11,2025-08-23T11:24:58.426307,6,6.318382e-05,7.880692e-05,6.4937216e-05,8.2435094e-05,2.486878e-05,0.00010783408,0.00014639828,2.2623599e-05,3.069856e-05,1.0051897e-05,0,0,0
12,2025-08-23T11:24:58.470751,7,6.943461e-05,8.47436e-05,7.26318e-05,8.645318e-05,2.626987e-05,0.00012828209,0.00015188743,3.243883e-05,2.9602526e-05,1.2602118e-05,0,0,0
13,2025-08-23T11:24:58.515780,7,6.785656e-05,8.464372e-05,7.338884e-05,8.51063e-05,2.8872968e-05,0.00012398647,0.00014291662,2.9177798e-05,2.9889436e-05,1.272689e-05,0,0,0
14,2025-08-23T11:24:58.559787,7,7.017171e-05,8.518985e-05,7.534786e-05,8.301395e-05,2.449118e-05,0.00012424246,0.0001495591,4.370054e-05,3.2706568e-05,1.3293806e-05,0,0,0
15,2025-08-23T11:24:58.603847,7,6.932227e-05,8.911957e-05,7.294494e-05,8.298745e-05,2.6461734e-05,0.00011742243,0.00012757316,5.7039935e-05,3.4127494e-05,1.6223674e-05,0,0,0
16,2025-08-23T11:24:58.647495,7,7.376293e-05,8.561712e-05,7.662006e-05,9.8052486e-05,2.62301e-05,0.000120465775,0.0001451282,5.244432e-05,4.039982e-05,1.8908488e-05,0,0,0
17,2025-08-23T11:24:58.692378,7,7.3226525e-05,8.94195e-05,7.461642e-05,9.871396e-05,3.2576383e-05,0.00010466307,0.00014531167,6.3125255e-05,3.1193347e-05,1.9419042e-05,0,0,0
18,2025-08-23T11:24:58.737015,7,7.461054e-05,8.718311e-05,7.9717945e-05,0.000102417194,2.7343163e-05,0.000113807495,0.00015402342,6.396399e-05,2.7778848e-05,1.525974e-05,0,0,0
19,2025-08-23T11:24:58.781463,7,7.3498064e-05,9.36495e-05,8.505253e-05,0.00010765964,2.340098e-05,0.00012171278,0.00014661337,4.814597e-05,2.4337744e-05,1.0910116e-05,0,0,0
20,2025-08-23T11:24:58.825440,7,6.75519e-05,7.492907e-05,7.252618e-05,0.00010757996,2.2786076e-05,0.00010946319,0.0001135871,6.840609e-05,2.9505369e-05,9.184062e-06,0,0,0
21,2025-08-23T11:24:58.868863,7,6.795177e-05,7.756398e-05,7.7911114e-05,8.684751e-05,2.7224076e-05,0.000106601125,0.00014386336,6.100449e-05,2.0515288e-05,1.0034957e-05,0,0,0
22,2025-08-23T11:24:58.912965,6,6.3280255e-05,8.1179765e-05,6.516258e-05,9.128533e-05,2.5587855e-05,8.721821e-05,0.00013792567,6.134511e-05,1.082888e-05,8.988833e-06,0,0,0
23,2025-08-23T11:24:58.956645,5,5.6322624e-05,7.778544e-05,5.9646976e-05,9.2294096e-05,2.2879936e-05,7.9299716e-05,0.00011741346,3.9492155e-05,7.3693795e-06,1.0722435e-05,0,0,0
24,2025-08-23T11:24:59.001065,5,5.593275e-05,8.0057674e-05,4.974009e-05,8.36486e-05,3.1973806e-05,6.0413957e-05,0.00011642595,5.936142e-05,9.058552e-06,1.2714715e-05,0,0,0
25,2025-08-23T11:24:59.045807,6,5.9829108e-05,7.405613e-05,4.8897677e-05,8.763969e-05,2.7266664e-05,6.132522e-05,0.00013246913,7.654275e-05,1.599595e-05,1.42688195e-05,0,0,0
26,2025-08-23T11:24:59.089853,6,6.347657e-05,9.473062e-05,4.933689e-05,8.857691e-05,4.026851e-05,6.010316e-05,0.000117035524,8.313232e-05,1.6015052e-05,2.2090147e-05,0,0,0
27,2025-08-23T11:24:59.134762,6,6.458236e-05,9.474695e-05,4.959269e-05,8.758272e-05,3.62215e-05,5.5066448e-05,0.0001365511,8.717141e-05,1.1372944e-05,2.2935508e-05,0,0,0
28,2025-08-23T11:24:59.179111,6,6.142483e-05,8.728139e-05,4.505366e-05,7.482365e-05,3.5298504e-05,5.76651e-05,0.00012564204,9.3854935e-05,8.351541e-06,2.4852603e-05,0,0,0
29,2025-08-23T11:24:59.223150,6,6.334797e-05,9.167767e-05,4.880177e-05,8.015448e-05,3.9422794e-05,6.759555e-05,0.00012561488,8.486914e-05,8.130266e-06,2.3865194e-05,0,0,0
30,2025-08-23T11:24:59.267281,6,6.3839594e-05,9.625571e-05,5.3579388e-05,7.2932744e-05,4.4914203e-05,7.619023e-05,0.00012731794,6.7390414e-05,1.3251416e-05,2.272431e-05,0,0,0
31,2025-08-23T11:24:59.312994,7,6.717021e-05,9.518356e-05,5.3807213e-05,7.9646205e-05,3.7239402e-05,8.73026e-05,0.00012528744,7.79166e-05,2.3225202e-05,2.4923616e-05,0,0,0
32,2025-08-23T11:24:59.357564,7,6.773228e-05,9.513573e-05,5.365156e-05,8.529861e-05,3.7331327e-05,8.344996e-05,0.0001301274,7.663393e-05,2.5639389e-05,2.2322658e-05,0,0,0
33,2025-08-23T11:24:59.402213,7,6.937318e-05,0.0001000357,5.762049e-05,8.914378e-05,3.8357346e-05,8.5506654e-05,0.00015948384,5.6926026e-05,2.132878e-05,1.5955917e-05,0,0,0
34,2025-08-23T11:24:59.446507,7,7.1400704e-05,0.00010971752,5.124991e-05,9.41649e-05,4.40724e-05,7.979346e-05,0.00015815135,6.52486e-05,2.2860007e-05,1.734828e-05,0,0,0
35,2025-08-23T11:24:59.497978,7,6.687627e-05,0.00011625921,5.3965417e-05,0.000100258236,4.0350744e-05,7.5279866e-05,0.0001360075,4.6317247e-05,1.9691157e-05,1.37571105e-05,0,0,0
36,2025-08-23T11:24:59.543141,7,7.385288e-05,0.000111618785,5.7633883e-05,0.000104885934,3.836961e-05,8.707301e-05,0.00017769806,4.236226e-05,3.143779e-05,1.3596625e-05,0,0,0
37,2025-08-23T11:24:59.589660,7,7.122028e-05,0.000114257484,5.5563105e-05,0.00010681696,2.7378723e-05,8.6472086e-05,0.00017784888,3.5284476e-05,2.3531282e-05,1.3829473e-05,0,0,0
38,2025-08-23T11:24:59.637275,7,6.885145e-05,0.000104835795,5.0509265e-05,0.000101907004,2.0818286e-05,8.377914e-05,0.00017807358,3.8538295e-05,2.2411472e-05,1.8790211e-05,0,0,0
39,2025-08-23T11:24:59.682613,6,6.464661e-05,0.0001086758,4.641466e-05,9.7418524e-05,2.207785e-05,8.32935e-05,0.00015510803,3.1921638e-05,2.0223348e-05,1.6686072e-05,0,0,0
40,2025-08-23T11:24:59.785305,7,6.849308e-05,0.00010869604,5.297931e-05,9.870802e-05,2.2499544e-05,7.499404e-05,0.00016849836,5.4694716e-05,1.990467e-05,1.5462976e-05,0,0,0
41,2025-08-23T11:24:59.830821,7,6.573292e-05,0.000101110374,4.7241352e-05,0.000107870525,2.4917523e-05,7.165565e-05,0.0001541955,4.8032885e-05,2.093565e-05,1.563679e-05,0,0,0
42,2025-08-23T11:24:59.875076,6,6.4476015e-05,0.000106496795,4.705864e-05,8.84372e-05,2.542328e-05,8.076905e-05,0.00012732111,5.607647e-05,3.1307078e-05,1.7394486e-05,0,0,0
43,2025-08-23T11:24:59.918396,6,5.6567234e-05,0.00010319272,3.9876453e-05,8.219151e-05,2.9612269e-05,6.12356e-05,0.00010186206,5.2544903e-05,2.097993e-05,1.760969e-05,0,0,0
44,2025-08-23T11:24:59.961656,5,5.6531306e-05,9.8353004e-05,3.5177112e-05,8.225843e-05,2.8068278e-05,6.6004686e-05,9.597353e-05,6.0952014e-05,2.2934768e-05,1.9059926e-05,0,0,0
45,2025-08-23T11:25:00.004454,6,5.9508013e-05,9.6110096e-05,3.285189e-05,9.017666e-05,3.3979406e-05,7.182847e-05,0.00011284853,4.930894e-05,2.5791758e-05,2.2676364e-05,0,0,0
46,2025-08-23T11:25:00.049401,6,5.8116948e-05,9.0030546e-05,3.3390694e-05,8.215871e-05,3.4779812e-05,6.984922e-05,0.00012275718,4.6144396e-05,2.0328962e-05,2.3613014e-05,0,0,0
47,2025-08-23T11:25:00.096795,6,5.963545e-05,9.7103395e-05,3.522458e-05,7.852245e-05,3.4878816e-05,6.945961e-05,0.0001248571,5.4947355e-05,2.0645884e-05,2.1079859e-05,0,0,0
48,2025-08-23T11:25:00.140202,6,5.8437367e-05,9.778391e-05,3.5289577e-05,7.0967035e-05,3.8804083e-05,6.8664915e-05,0.00011681207,5.4933756e-05,2.0494957e-05,2.2185966e-05,0,0,0
49,2025-08-23T11:25:00.182471,6,6.092768e-05,0.000101641745,3.686924e-05,6.131756e-05,4.8463986e-05,6.658265e-05,0.00012840003,6.0607093e-05,2.5579731e-05,1.8887078e-05,0,0,0
50,2025-08-23T11:25:00.226160,6,6.0162663e-05,9.881371e-05,3.8212467e-05,6.634773e-05,4.8616916e-05,6.754034e-05,0.00011688708,6.230534e-05,2.3308517e-05,1.9431875e-05,0,0,0
51,2025-08-23T11:25:00.270472,6,6.240388e-05,9.3432296e-05,3.534077e-05,8.533976e-05,6.610504e-05,6.635134e-05,0.0001219531,5.9250597e-05,1.5527963e-05,1.8334094e-05,0,0,0
52,2025-08-23T11:25:00.313616,6,5.9173675e-05,8.680914e-05,4.0632134e-05,8.0941216e-05,5.363922e-05,6.413884e-05,0.00011721828,5.896194e-05,1.23928e-05,1.7829443e-05,0,0,0
53,2025-08-23T11:25:00.357954,7,6.781311e-05,9.2093e-05,4.543006e-05,7.625228e-05,6.9158545e-05,8.042316e-05,0.00014108207,6.812524e-05,1.500207e-05,2.2751521e-05,0,0,0
54,2025-08-23T11:25:00.401448,7,6.911877e-05,9.43056e-05,4.274011e-05,7.678915e-05,7.0841896e-05,7.8698395e-05,0.00015128765,6.85665e-05,1.7711665e-05,2.1127897e-05,0,0,0
55,2025-08-23T11:25:00.445737,6,6.6146065e-05,9.5377225e-05,3.6499052e-05,8.877374e-05,6.685659e-05,7.3710384e-05,0.00013188,6.8599635e-05,1.1400808e-05,2.2217175e-05,0,0,0
56,2025-08-23T11:25:00.491721,6,6.5763554e-05,9.7282784e-05,4.3701108e-05,9.2800976e-05,5.835699e-05,6.3176376e-05,0.00012143493,8.2920094e-05,1.4683187e-05,1.7515576e-05,0,0,0
57,2025-08-23T11:25:00.535485,6,6.514274e-05,0.00011296443,4.1044652e-05,8.3225495e-05,5.2813513e-05,6.914463e-05,0.00011158044,7.433508e-05,1.9934545e-05,2.1241909e-05,0,0,0
58,2025-08-23T11:25:00.580544,7,6.917489e-05,0.00010316299,4.3028274e-05,9.2842965e-05,6.0137278e-05,7.158599e-05,0.00013243851,8.1152466e-05,2.0009238e-05,1.8216282e-05,0,0,0
59,2025-08-23T11:25:00.626276,6,6.614999e-05,0.00010092118,4.1518288e-05,9.203503e-05,4.7192283e-05,6.592491e-05,0.00014400849,6.592072e-05,2.1242628e-05,1.6586358e-05,0,0,0
60,2025-08-23T11:25:00.671019,6,6.534106e-05,0.00010990815,4.6926e-05,8.870092e-05,5.3192816e-05,6.620216e-05,0.00013228132,6.03705e-05,1.7734312e-05,1.2753406e-05,0,0,0
61,2025-08-23T11:25:00.714803,6,6.447381e-05,0.00011157653,4.3946453e-05,9.303309e-05,5.1384723e-05,5.9630303e-05,0.0001242958,5.8804813e-05,2.2512126e-05,1.5080455e-05,0,0,0
62,2025-08-23T11:25:00.757058,6,6.5851935e-05,0.000109257664,4.0563486e-05,9.423048e-05,5.8136986e-05,5.1839e-05,0.0001327907,7.405792e-05,1.9810988e-05,1.1980258e-05,0,0,0
63,2025-08-23T11:25:00.800485,7,6.7243665e-05,0.00010953817,4.014052e-05,9.180724e-05,5.3733525e-05,6.0866365e-05,0.00014805904,6.156279e-05,2.5417816e-05,1.40675065e-05,0,0,0
64,2025-08-23T11:25:00.844923,7,6.8169815e-05,9.143722e-05,4.074219e-05,8.3491024e-05,5.138012e-05,8.337568e-05,0.00015385367,5.981982e-05,3.4921653e-05,1.45069325e-05,0,0,0
65,2025-08-23T11:25:00.888905,7,7.040202e-05,9.979759e-05,3.8903512e-05,8.4663654e-05,4.139405e-05,7.8947116e-05,0.00017520998,5.6215853e-05,4.7596335e-05,1.0890132e-05,0,0,0
66,2025-08-23T11:25:00.933741,6,6.505037e-05,0.00011038975,4.570715e-05,7.513272e-05,3.6781854e-05,8.1301114e-05,0.00013149579,4.954613e-05,4.714362e-05,7.955261e-06,0,0,0
67,2025-08-23T11:25:00.979075,6,6.24453e-05,0.00010334012,4.76187e-05,7.309219e-05,3.537551e-05,8.0544916e-05,0.00012389595,4.2015854e-05,4.9828912e-05,6.2955523e-06,0,0,0
68,2025-08-23T11:25:01.023263,7,6.842443e-05,0.00010803638,4.5394252e-05,7.721734e-05,3.9232935e-05,7.123817e-05,0.00016240362,4.2758773e-05,6.345369e-05,6.0847437e-06,0,0,0
69,2025-08-23T11:25:01.067470,7,6.71687e-05,0.00010973049,4.3387823e-05,7.526208e-05,3.7572176e-05,6.57489e-05,0.00016989815,4.2607164e-05,5.0955634e-05,9.355864e-06,0,0,0
70,2025-08-23T11:25:01.148023,7,7.259686e-05,0.00011276086,5.1329636e-05,7.652613e-05,3.9135994e-05,9.3480696e-05,0.00016901811,3.7161815e-05,6.285675e-05,1.1101742e-05,0,0,0
71,2025-08-23T11:25:01.214113,7,7.294337e-05,0.00011071163,5.1902036e-05,8.136024e-05,3.261601e-05,9.94561e-05,0.00016878269,3.062938e-05,6.2698186e-05,1.8333933e-05,0,0,0
72,2025-08-23T11:25:01.262678,7,7.306141e-05,9.952255e-05,5.1069936e-05,8.729759e-05,4.0349474e-05,9.506727e-05,0.00016563523,3.8364316e-05,5.9686543e-05,2.0559799e-05,0,0,0
73,2025-08-23T11:25:01.312359,7,7.2350485e-05,9.525186e-05,5.6407738e-05,9.2347924e-05,4.338391e-05,8.507433e-05,0.00015864967,3.5224162e-05,5.9907376e-05,2.4907433e-05,0,0,0
74,2025-08-23T11:25:01.358914,8,7.763278e-05,9.981631e-05,6.3440915e-05,9.4003095e-05,5.0279094e-05,9.3561546e-05,0.00016441105,3.383402e-05,7.229035e-05,2.7058624e-05,0,0,0
75,2025-08-23T11:25:01.403228,7,7.4743846e-05,9.77934e-05,6.539375e-05,8.057279e-05,5.4640586e-05,0.0001001386,0.00014502722,4.0343813e-05,6.414462e-05,2.463984e-05,0,0,0
76,2025-08-23T11:25:01.447522,8,8.0318336e-05,0.000105883955,7.010929e-05,7.417686e-05,6.654592e-05,0.000110624234,0.00017194795,3.1355787e-05,6.675357e-05,2.5467501e-05,0,0,0
77,2025-08-23T11:25:01.492310,8,8.6526685e-05,0.00012545542,6.813336e-05,7.766091e-05,7.42438e-05,0.00010847147,0.00015616207,5.365188e-05,9.3550465e-05,2.1410786e-05,0,0,0
78,2025-08-23T11:25:01.535710,8,8.4611784e-05,0.000117110976,6.487741e-05,7.609934e-05,8.361497e-05,0.00010131745,0.00012917412,5.1662104e-05,0.0001176156,2.0034111e-05,0,0,0
79,2025-08-23T11:25:01.578820,9,8.9142726e-05,0.000104933424,6.906928e-05,8.055994e-05,6.744977e-05,0.00010373139,0.000168247,5.1096187e-05,0.0001369112,2.0286358e-05,0,0,0
80,2025-08-23T11:25:01.621771,9,9.046777e-05,0.000110520676,7.1736125e-05,8.702656e-05,6.9180285e-05,0.00010698794,0.0001501133,6.3218315e-05,0.00013803528,1.7391505e-05,0,0,0
81,2025-08-23T11:25:01.665726,9,9.3056326e-05,0.00010367016,6.67684e-05,9.176491e-05,6.0200586e-05,0.00012370931,0.00017665612,5.7257286e-05,0.00014211946,1.5360643e-05,0,0,0
82,2025-08-23T11:25:01.710033,7,7.646055e-05,9.1764225e-05,5.693933e-05,7.974e-05,5.785523e-05,8.932062e-05,0.00015289936,4.5532346e-05,9.889646e-05,1.519739e-05,0,0,0
83,2025-08-23T11:25:01.753615,8,8.070375e-05,9.716554e-05,5.246661e-05,7.8205405e-05,5.3219403e-05,8.5380096e-05,0.0002097981,4.0492658e-05,9.1488284e-05,1.8117586e-05,0,0,0
84,2025-08-23T11:25:01.797638,7,7.5117256e-05,8.456748e-05,5.482906e-05,7.688817e-05,5.3818854e-05,9.83572e-05,0.00015698266,4.243477e-05,9.085494e-05,1.7322127e-05,0,0,0
85,2025-08-23T11:25:01.841498,7,7.1871844e-05,8.393224e-05,6.214312e-05,9.192597e-05,4.7617126e-05,8.556615e-05,0.00014601446,4.6582634e-05,7.027225e-05,1.27926405e-05,0,0,0
86,2025-08-23T11:25:01.884950,7,7.5955424e-05,8.15228e-05,6.6618464e-05,9.2934126e-05,4.4542216e-05,0.00010781456,0.00014387886,4.386453e-05,8.587168e-05,1.6551608e-05,0,0,0
87,2025-08-23T11:25:01.929513,7,6.865311e-05,7.4123316e-05,6.1261264e-05,9.604695e-05,3.3766457e-05,0.000114338014,0.0001201426,3.536632e-05,7.250469e-05,1.0328382e-05,0,0,0
88,2025-08-23T11:25:01.974466,7,7.323122e-05,8.741647e-05,6.871724e-05,0.00010725356,4.0355615e-05,0.00010568678,0.00011153541,4.833652e-05,7.544617e-05,1.433323e-05,0,0,0
89,2025-08-23T11:25:02.025641,6,6.674256e-05,8.3669824e-05,6.648118e-05,0.00011162126,3.7885053e-05,8.233027e-05,8.794916e-05,4.8267175e-05,7.189369e-05,1.0585468e-05,0,0,0
90,2025-08-23T11:25:02.069379,7,6.9951784e-05,9.101218e-05,6.66152e-05,0.00011433111,3.4015306e-05,9.3038085e-05,8.624863e-05,4.845463e-05,8.003025e-05,1.582066e-05,0,0,0
91,2025-08-23T11:25:02.114747,6,6.0310962e-05,7.277004e-05,4.8897273e-05,0.000100076744,3.844775e-05,7.208846e-05,7.0662005e-05,7.330825e-05,5.7367677e-05,9.18043e-06,0,0,0
92,2025-08-23T11:25:02.160444,6,6.387261e-05,7.3894844e-05,5.674932e-05,0.00011058956,3.8662383e-05,7.405682e-05,7.186953e-05,8.6133565e-05,5.423231e-05,8.66521e-06,0,0,0
93,2025-08-23T11:25:02.204304,6,6.49125e-05,7.871801e-05,5.0637445e-05,0.000130604,4.3600434e-05,6.018193e-05,8.5712956e-05,6.694741e-05,6.2455685e-05,5.354653e-06,0,0,0
94,2025-08-23T11:25:02.249680,6,6.322728e-05,8.558061e-05,5.794303e-05,0.00011467086,5.3466134e-05,5.600376e-05,8.225054e-05,6.7659195e-05,4.44879e-05,6.983463e-06,0,0,0
95,2025-08-23T11:25:02.293441,6,5.9353653e-05,8.3282015e-05,4.813007e-05,9.902666e-05,5.023071e-05,4.295264e-05,7.97657e-05,5.5822467e-05,6.674598e-05,8.226665e-06,0,0,0
96,2025-08-23T11:25:02.337134,5,5.5036842e-05,7.9253616e-05,4.0059647e-05,8.247188e-05,4.439375e-05,3.7825914e-05,8.072084e-05,5.5017626e-05,6.7699846e-05,7.888423e-06,0,0,0
97,2025-08-23T11:25:02.382248,5,5.4106025e-05,8.152203e-05,4.1716594e-05,8.530982e-05,4.7650876e-05,4.3023345e-05,7.7764336e-05,4.740183e-05,5.8454465e-05,4.110928e-06,0,0,0
98,2025-08-23T11:25:02.425701,6,6.552543e-05,8.4056956e-05,4.415084e-05,0.00011310665,4.7294223e-05,4.8595783e-05,9.065219e-05,4.5300243e-05,0.00011139717,5.174813e-06,0,0,0
99,2025-08-23T11:25:02.515921,6,6.361175e-05,8.784221e-05,4.0708586e-05,0.000105812476,4.697757e-05,5.5172317e-05,9.2754846e-05,3.7678263e-05,0.00010505926,5.001881e-07,0,0,0
100,2025-08-23T11:25:02.561144,6,6.457916e-05,8.89364e-05,3.562747e-05,9.935639e-05,5.1821153e-05,4.9366536e-05,0.00010660963,3.3695324e-05,0.00011594952,-1.5008509e-07,0,0,0
101,2025-08-23T11:25:02.605632,6,6.468093e-05,9.429008e-05,3.8992137e-05,0.00010177241,5.414496e-05,3.848178e-05,0.00011046618,3.386631e-05,0.00010614431,3.9702445e-06,0,0,0
102,2025-08-23T11:25:02.649002,6,6.606129e-05,8.679054e-05,3.898667e-05,9.519082e-05,6.566627e-05,4.5860485e-05,0.00011937893,2.8381672e-05,0.0001085769,5.719305e-06,0,0,0
103,2025-08-23T11:25:02.692272,6,6.036047e-05,8.927494e-05,3.710331e-05,7.454855e-05,5.1461164e-05,4.7281184e-05,0.00011246765,2.4302477e-05,0.000100184734,6.6202447e-06,0,0,0
104,2025-08-23T11:25:02.737918,6,6.2622625e-05,7.772474e-05,4.1881674e-05,6.999545e-05,3.8939786e-05,5.204707e-05,0.00012994217,1.8066568e-05,0.00012697707,8.029062e-06,0,0,0
105,2025-08-23T11:25:02.782796,6,5.982061e-05,7.175661e-05,3.6813188e-05,7.116699e-05,3.566103e-05,5.833611e-05,0.000121006095,1.8339671e-05,0.00011653627,8.769487e-06,0,0,0
106,2025-08-23T11:25:02.834557,6,6.470732e-05,7.045189e-05,4.041408e-05,7.999424e-05,3.6657486e-05,6.567755e-05,0.00016639709,1.7883154e-05,9.91612e-05,5.7292264e-06,0,0,0
107,2025-08-23T11:25:02.878539,6,6.213273e-05,7.100749e-05,4.1572082e-05,6.4638676e-05,3.7219626e-05,6.449572e-05,0.00014090947,1.9651445e-05,0.000113335314,6.364709e-06,0,0,0
108,2025-08-23T11:25:02.921913,7,6.8045265e-05,8.07942e-05,4.2551823e-05,9.203233e-05,3.9840903e-05,5.977315e-05,0.00015442184,1.8998446e-05,0.00011419935,9.795352e-06,0,0,0
109,2025-08-23T11:25:02.964371,7,6.888592e-05,8.463721e-05,3.724795e-05,9.691858e-05,4.0560946e-05,6.519769e-05,0.00015851134,1.7761524e-05,0.00010396272,1.5175308e-05,0,0,0
110,2025-08-23T11:25:03.007836,6,6.280224e-05,8.97084e-05,4.2789707e-05,8.095527e-05,3.8601604e-05,5.301381e-05,0.00012388047,1.6310294e-05,0.0001015744,1.8386192e-05,0,0,0
111,2025-08-23T11:25:03.052167,6,6.6161236e-05,9.393021e-05,3.791995e-05,8.026439e-05,4.3227228e-05,6.506588e-05,0.00013807083,1.50989745e-05,0.00010585522,1.6018414e-05,0,0,0
112,2025-08-23T11:25:03.095824,7,7.094798e-05,9.203111e-05,4.422223e-05,9.7935466e-05,5.3323896e-05,6.6765e-05,0.00015090521,1.4672928e-05,0.00010128792,1.7388063e-05,0,0,0
113,2025-08-23T11:25:03.139871,7,6.797722e-05,7.712105e-05,3.8423317e-05,8.3601924e-05,4.719535e-05,6.670476e-05,0.00015619358,1.3023363e-05,0.000109286826,2.024484e-05,0,0,0
114,2025-08-23T11:25:03.183923,7,6.891895e-05,7.372202e-05,3.8325976e-05,9.656109e-05,4.672909e-05,7.506335e-05,0.00013571125,1.198486e-05,0.00012006217,2.2110677e-05,0,0,0
115,2025-08-23T11:25:03.228596,7,7.181594e-05,7.480155e-05,4.010132e-05,9.3623756e-05,4.83227e-05,8.1013975e-05,0.00016824657,1.1251674e-05,0.000106302155,2.2679866e-05,0,0,0
116,2025-08-23T11:25:03.271965,8,8.136277e-05,7.561773e-05,4.0673553e-05,0.00010855895,4.8795635e-05,9.017746e-05,0.00018823965,1.15623725e-05,0.00013492294,3.3716668e-05,0,0,0
117,2025-08-23T11:25:03.315791,8,7.7838726e-05,7.6582684e-05,4.591996e-05,8.926562e-05,4.295451e-05,8.411615e-05,0.00017509036,9.57624e-06,0.00013968353,3.735941e-05,0,0,0
118,2025-08-23T11:25:03.360273,7,7.498907e-05,7.7883684e-05,4.4145552e-05,8.049789e-05,3.9709586e-05,8.015353e-05,0.00017221585,7.0141155e-06,0.00013479037,3.8491e-05,0,0,0
119,2025-08-23T11:25:03.403260,7,7.6179334e-05,8.057518e-05,4.452701e-05,0.00010539032,4.090907e-05,0.00010023179,0.00016770003,5.8880287e-06,0.000112278714,2.8113836e-05,0,0,0
120,2025-08-23T11:25:03.448673,8,8.1892766e-05,7.1394075e-05,5.0812687e-05,0.00012033206,3.9269828e-05,0.000108561006,0.00016235349,4.916255e-06,0.00013488514,4.451029e-05,0,0,0
121,2025-08-23T11:25:03.494216,7,7.208797e-05,6.1584455e-05,4.3168304e-05,0.00011606632,3.1798736e-05,8.4701795e-05,0.0001534905,3.6652102e-06,0.000112437236,4.1879128e-05,0,0,0
122,2025-08-23T11:25:03.538394,6,6.613732e-05,5.694093e-05,3.7351958e-05,0.00011033991,3.1067546e-05,6.8884474e-05,0.00013936129,4.9661903e-06,9.957936e-05,4.6744262e-05,0,0,0
123,2025-08-23T11:25:03.583743,7,6.792001e-05,6.187263e-05,3.811405e-05,0.00011182012,3.6879148e-05,7.946107e-05,0.00013385869,5.2653836e-06,9.554065e-05,4.8468384e-05,0,0,0
124,2025-08-23T11:25:03.627630,7,7.015557e-05,6.2688516e-05,4.1011757e-05,9.75056e-05,4.0439623e-05,7.832179e-05,0.00015038438,6.0627694e-06,9.0735186e-05,6.425056e-05,0,0,0
125,2025-08-23T11:25:03.670527,7,7.477353e-05,7.003782e-05,4.368443e-05,0.00011926093,4.183602e-05,7.567481e-05,0.00016894942,5.386782e-06,7.525421e-05,7.2877374e-05,0,0,0
126,2025-08-23T11:25:03.714201,7,7.234854e-05,6.926529e-05,4.2869287e-05,0.00010590555,3.827591e-05,7.953053e-05,0.0001854536,5.7144644e-06,6.366078e-05,6.0461483e-05,0,0,0
127,2025-08-23T11:25:03.758601,7,6.8510744e-05,6.712205e-05,4.0971758e-05,0.00012056205,4.050408e-05,8.2698374e-05,0.0001332735,6.7903575e-06,5.832179e-05,6.6352775e-05,0,0,0
128,2025-08-23T11:25:03.801666,7,6.853789e-05,6.223986e-05,4.3359592e-05,0.00011728445,3.7395093e-05,7.2517214e-05,0.00013535746,8.0897535e-06,5.2681902e-05,8.79157e-05,0,0,0
129,2025-08-23T11:25:03.890239,7,6.785954e-05,5.9147464e-05,3.870131e-05,0.00012381338,3.6936435e-05,7.355178e-05,0.00012574499,9.297906e-06,5.9209156e-05,8.4333435e-05,0,0,0
130,2025-08-23T11:25:03.934129,7,6.807983e-05,5.663103e-05,4.0241088e-05,0.00011868512,4.0852305e-05,8.151199e-05,0.00014693438,9.32693e-06,4.5766817e-05,7.276892e-05,0,0,0
131,2025-08-23T11:25:03.979025,7,6.9053494e-05,6.480759e-05,4.6869016e-05,0.00012553438,4.3874265e-05,7.8190744e-05,0.0001474555,9.088573e-06,4.269032e-05,6.2971056e-05,0,0,0
132,2025-08-23T11:25:04.021941,6,6.623464e-05,6.23656e-05,5.4359938e-05,0.00011375666,4.9834787e-05,6.8554575e-05,0.00014055427,8.465289e-06,3.9578495e-05,5.8642167e-05,0,0,0
133,2025-08-23T11:25:04.065655,6,6.388807e-05,6.4092616e-05,5.0961928e-05,0.000104427505,5.1158677e-05,7.007225e-05,0.00013445584,7.5795497e-06,3.503125e-05,5.7212987e-05,0,0,0
134,2025-08-23T11:25:04.111557,7,6.746551e-05,6.210801e-05,5.777161e-05,0.0001251084,4.9926446e-05,7.038749e-05,0.0001462293,9.555001e-06,3.6732796e-05,4.9370527e-05,0,0,0
135,2025-08-23T11:25:04.171221,6,6.5103704e-05,6.3153595e-05,4.2386448e-05,0.00012941359,4.054642e-05,6.903022e-05,0.00012538234,1.0942836e-05,5.048238e-05,5.4595504e-05,0,0,0
136,2025-08-23T11:25:04.214780,6,6.393098e-05,6.170832e-05,4.4038024e-05,0.00010204799,4.75548e-05,8.063564e-05,0.00012331635,1.0682645e-05,4.399178e-05,6.140318e-05,0,0,0
137,2025-08-23T11:25:04.258326,7,6.771156e-05,5.843105e-05,4.7856203e-05,0.00012390259,4.054923e-05,7.9389036e-05,0.00012459555,7.866234e-06,5.9436617e-05,6.7377594e-05,0,0,0
138,2025-08-23T11:25:04.302063,6,6.5571076e-05,5.4347118e-05,4.1069623e-05,9.727428e-05,4.210024e-05,7.035102e-05,0.00013292229,5.339072e-06,6.5232925e-05,8.150311e-05,0,0,0
139,2025-08-23T11:25:04.346497,6,6.5792956e-05,5.8184327e-05,4.8429738e-05,0.00010567144,3.996774e-05,7.050738e-05,0.00011677103,4.307935e-06,6.929832e-05,7.899861e-05,0,0,0
140,2025-08-23T11:25:04.390252,6,6.575164e-05,6.758379e-05,5.1489227e-05,0.00010709609,4.0370982e-05,7.156488e-05,0.00012721191,6.4019127e-06,4.244428e-05,7.760174e-05,0,0,0
141,2025-08-23T11:25:04.433805,7,7.089301e-05,7.2630595e-05,5.5313398e-05,0.00012475699,4.7731122e-05,7.4130876e-05,0.00014565518,4.8370384e-06,3.8569462e-05,7.441244e-05,0,0,0
142,2025-08-23T11:25:04.478192,7,7.2687144e-05,7.8426565e-05,5.7451496e-05,0.00011658861,5.8460028e-05,7.1741815e-05,0.00016196849,7.705298e-06,2.7012287e-05,7.4829746e-05,0,0,0
143,2025-08-23T11:25:04.521631,7,7.089384e-05,8.029075e-05,6.0602142e-05,0.00010456045,5.5806926e-05,8.104219e-05,0.00015362004,5.6153394e-06,2.9692119e-05,6.6814595e-05,0,0,0
144,2025-08-23T11:25:04.566851,7,6.810322e-05,9.608865e-05,6.3139705e-05,8.954473e-05,5.3098174e-05,7.9598e-05,0.00013701034,5.395569e-06,2.1499025e-05,6.755474e-05,0,0,0
145,2025-08-23T11:25:04.611508,7,6.704138e-05,8.039366e-05,6.737432e-05,8.933368e-05,4.4226257e-05,8.077529e-05,0.00014489518,5.1238017e-06,2.209934e-05,6.915088e-05,0,0,0
146,2025-08-23T11:25:04.655110,7,7.000813e-05,7.562114e-05,6.610478e-05,9.795673e-05,4.3297856e-05,8.4418156e-05,0.00016970605,5.7284406e-06,2.2892691e-05,6.4347274e-05,0,0,0
147,2025-08-23T11:25:04.699866,6,6.495766e-05,5.970525e-05,6.134091e-05,0.00010575835,3.522212e-05,7.149321e-05,0.00015258256,5.3564922e-06,2.5663729e-05,6.7496374e-05,0,0,0
148,2025-08-23T11:25:04.746696,6,6.627338e-05,5.83175e-05,5.6841403e-05,0.00010163848,3.32295e-05,7.50092e-05,0.00019168109,6.696027e-06,2.0595826e-05,5.2451407e-05,0,0,0
149,2025-08-23T11:25:04.790761,7,6.661333e-05,5.930726e-05,5.4185548e-05,9.804045e-05,3.5208737e-05,7.185691e-05,0.00020593785,6.794759e-06,1.49732205e-05,5.3215215e-05,0,0,0
150,2025-08-23T11:25:04.834280,7,6.955938e-05,6.406356e-05,4.995728e-05,0.000110000605,3.638606e-05,6.538224e-05,0.0002046647,8.399096e-06,1.5339197e-05,7.184169e-05,0,0,0
151,2025-08-23T11:25:04.879025,7,6.91707e-05,7.4571224e-05,5.4794713e-05,0.000100011595,3.958629e-05,7.137114e-05,0.0001838753,8.895667e-06,1.2335616e-05,7.70948e-05,0,0,0
152,2025-08-23T11:25:04.925817,7,7.081023e-05,8.158144e-05,5.3529442e-05,0.00011334443,4.1708565e-05,7.685177e-05,0.00018013391,1.0627015e-05,1.315375e-05,6.636165e-05,0,0,0
153,2025-08-23T11:25:04.969371,6,6.666884e-05,7.8531484e-05,4.3763754e-05,0.00011523479,4.07856e-05,9.6439224e-05,0.0001430763,1.2909619e-05,1.1922423e-05,5.7356363e-05,0,0,0
154,2025-08-23T11:25:05.013252,7,7.152985e-05,8.1544546e-05,4.689253e-05,0.00011872391,4.7474503e-05,9.798169e-05,0.00017099833,1.320059e-05,1.0737283e-05,5.6215322e-05,0,0,0
155,2025-08-23T11:25:05.056063,7,7.2807205e-05,7.7591394e-05,4.5904086e-05,0.0001147906,4.1930867e-05,0.00011181395,0.00017822557,1.3996628e-05,1.0293559e-05,6.071816e-05,0,0,0
156,2025-08-23T11:25:05.099575,6,6.172394e-05,7.280498e-05,4.7637473e-05,0.00011525775,4.061694e-05,9.193651e-05,0.00012253529,1.3307591e-05,5.651408e-06,4.5767596e-05,0,0,0
157,2025-08-23T11:25:05.144275,6,5.9562604e-05,7.262074e-05,5.0819635e-05,0.000113988775,4.1122817e-05,8.096295e-05,0.00012366772,1.2835357e-05,8.714018e-07,3.9173967e-05,0,0,0
158,2025-08-23T11:25:05.245334,5,5.7163856e-05,7.140545e-05,5.189614e-05,9.712605e-05,4.091658e-05,8.639179e-05,0.00011269696,1.2356296e-05,6.501191e-06,3.518429e-05,0,0,0
159,2025-08-23T11:25:05.290635,6,6.3040374e-05,7.3271025e-05,5.3696658e-05,0.000120483026,4.1682728e-05,7.7061966e-05,0.00014357644,1.2478909e-05,6.9701146e-06,3.814245e-05,0,0,0
160,2025-08-23T11:25:05.333416,6,6.5090164e-05,7.757834e-05,5.318046e-05,0.000101036865,4.306212e-05,7.111881e-05,0.00017747174,1.2038496e-05,6.7990622e-06,4.3525568e-05,0,0,0
161,2025-08-23T11:25:05.376603,7,7.1037175e-05,7.696549e-05,5.0070335e-05,0.00011197063,3.942751e-05,6.8574955e-05,0.00021911674,1.0471393e-05,9.487969e-06,5.324954e-05,0,0,0
162,2025-08-23T11:25:05.418706,6,6.3518215e-05,8.0019345e-05,4.5840014e-05,0.000107730295,4.640176e-05,7.0216236e-05,0.00014616051,1.0310102e-05,1.3799507e-05,5.118619e-05,0,0,0
163,2025-08-23T11:25:05.461919,6,6.5236396e-05,8.118298e-05,4.312238e-05,0.000103325154,4.9735285e-05,6.472932e-05,0.00016000199,1.1825714e-05,1.04351875e-05,6.276965e-05,0,0,0
164,2025-08-23T11:25:05.505528,7,7.055499e-05,8.323541e-05,4.8554997e-05,0.00011256184,5.2240743e-05,7.207392e-05,0.00016717901,1.1888882e-05,8.459519e-06,7.880066e-05,0,0,0
165,2025-08-23T11:25:05.551727,7,6.913229e-05,7.3417934e-05,4.6233097e-05,0.000117030395,5.327873e-05,7.055929e-05,0.00015690597,1.1839442e-05,1.5297475e-05,7.762829e-05,0,0,0
166,2025-08-23T11:25:05.595491,7,7.412622e-05,7.195674e-05,5.189696e-05,0.000111327354,5.4650318e-05,7.1856986e-05,0.00015864038,1.1790263e-05,1.2768566e-05,0.00012224841,0,0,0
167,2025-08-23T11:25:05.638788,6,6.346662e-05,6.618204e-05,4.2135474e-05,0.00011178208,5.017705e-05,6.889092e-05,0.00012911086,1.2007804e-05,1.4615261e-05,7.62981e-05,0,0,0
168,2025-08-23T11:25:05.681929,7,7.457531e-05,7.011665e-05,4.3989687e-05,0.00011256511,5.0261227e-05,7.064824e-05,0.00018334093,1.2214327e-05,1.6226635e-05,0.000111814996,0,0,0
169,2025-08-23T11:25:05.725572,8,7.783393e-05,8.0051e-05,3.96353e-05,0.000110582754,4.95097e-05,7.3996445e-05,0.00022110865,1.37148245e-05,2.269683e-05,8.920983e-05,0,0,0
170,2025-08-23T11:25:05.770710,7,7.6007374e-05,8.580991e-05,4.2565047e-05,0.00011800955,4.6870606e-05,7.8316545e-05,0.00020344484,1.538434e-05,1.928033e-05,7.4385214e-05,0,0,0
171,2025-08-23T11:25:05.814637,7,7.258351e-05,9.216651e-05,4.3415017e-05,0.00010864878,4.8985763e-05,7.657745e-05,0.00017740729,1.6215878e-05,2.0656526e-05,6.917839e-05,0,0,0
172,2025-08-23T11:25:05.856681,7,7.0018184e-05,9.04887e-05,4.7280493e-05,0.000112887334,4.477549e-05,6.4490676e-05,0.00017249546,1.8122983e-05,1.3254648e-05,6.63679e-05,0,0,0
173,2025-08-23T11:25:05.900073,7,7.6268516e-05,0.00010092198,4.441909e-05,0.00012208837,5.935169e-05,6.715712e-05,0.0001934895,1.8869774e-05,1.957633e-05,6.0542752e-05,0,0,0
174,2025-08-23T11:25:05.945204,8,7.765497e-05,0.00010145946,5.1921244e-05,0.00012598377,4.7025613e-05,6.568243e-05,0.00020814298,1.9655947e-05,1.9419536e-05,5.960369e-05,0,0,0
175,2025-08-23T11:25:05.988333,8,7.78231e-05,9.711028e-05,4.4076864e-05,0.00013174012,4.4742694e-05,6.6780485e-05,0.00022373846,2.1129876e-05,1.8886807e-05,5.2202315e-05,0,0,0
176,2025-08-23T11:25:06.032460,8,8.166421e-05,9.0955684e-05,4.702484e-05,0.000174938,4.527484e-05,7.236905e-05,0.00019189951,2.1276837e-05,2.3975148e-05,6.726402e-05,0,0,0
177,2025-08-23T11:25:06.075740,8,7.9431615e-05,9.486583e-05,4.5433608e-05,0.00015209986,5.7708377e-05,8.194902e-05,0.00016874202,2.8613369e-05,3.1519012e-05,5.3953427e-05,0,0,0
178,2025-08-23T11:25:06.119463,8,8.137068e-05,9.386602e-05,4.9833936e-05,0.00017548185,6.216968e-05,7.5329895e-05,0.00017219096,2.9585763e-05,2.7398402e-05,4.647957e-05,0,0,0
179,2025-08-23T11:25:06.161876,8,8.319414e-05,8.663032e-05,4.77545e-05,0.00014554946,5.8180496e-05,8.286704e-05,0.00021412989,2.8018621e-05,2.8706234e-05,5.691075e-05,0,0,0
180,2025-08-23T11:25:06.206803,8,7.922995e-05,8.217698e-05,5.048912e-05,0.00014249528,5.5675962e-05,8.01052e-05,0.00018812959,2.4702467e-05,3.0578976e-05,5.8715934e-05,0,0,0
181,2025-08-23T11:25:06.250720,6,6.2877574e-05,6.153305e-05,4.113772e-05,0.00011272402,5.1188563e-05,8.348393e-05,0.0001602412,1.4830012e-05,1.4796284e-05,2.59634e-05,0,0,0
182,2025-08-23T11:25:06.293944,6,5.9183993e-05,5.759306e-05,3.3878274e-05,0.00010660666,5.009721e-05,7.903667e-05,0.00014616735,1.6129397e-05,1.1918757e-05,3.122851e-05,0,0,0
183,2025-08-23T11:25:06.337495,6,6.4649095e-05,5.717349e-05,3.714891e-05,0.00011146632,5.019806e-05,7.365909e-05,0.00017516283,1.7008151e-05,1.2350459e-05,4.767452e-05,0,0,0
184,2025-08-23T11:25:06.383049,6,6.232567e-05,6.2039166e-05,3.8288003e-05,9.171983e-05,5.363887e-05,6.7028814e-05,0.00016105124,1.5591688e-05,8.235243e-06,6.333828e-05,0,0,0
185,2025-08-23T11:25:06.428572,7,7.221043e-05,5.346874e-05,4.9079466e-05,0.00011577816,5.1902345e-05,7.876835e-05,0.00019859437,1.4107866e-05,1.439928e-05,7.379534e-05,0,0,0
186,2025-08-23T11:25:06.472943,7,6.704799e-05,6.0737133e-05,4.4137156e-05,0.0001129941,5.82487e-05,7.597221e-05,0.00017843534,1.5987654e-05,9.501554e-06,4.7418143e-05,0,0,0
187,2025-08-23T11:25:06.517186,7,6.722656e-05,6.200839e-05,4.3083215e-05,9.59852e-05,7.268524e-05,7.678441e-05,0.00015608297,2.4260407e-05,6.5048657e-06,6.764428e-05,0,0,0
188,2025-08-23T11:25:06.601418,6,6.114437e-05,7.404288e-05,3.9343464e-05,7.553275e-05,8.539518e-05,6.306438e-05,0.00013094599,2.7219568e-05,7.3568526e-06,4.739819e-05,0,0,0
189,2025-08-23T11:25:06.646091,6,6.5737855e-05,7.067361e-05,4.4509936e-05,0.00010208601,7.87193e-05,7.254528e-05,0.00013717593,3.0493316e-05,6.480426e-06,4.895691e-05,0,0,0
190,2025-08-23T11:25:06.690545,7,6.8694906e-05,7.4715404e-05,4.9637532e-05,0.00010281483,7.969794e-05,6.709069e-05,0.00016017855,2.9555535e-05,1.1797942e-05,4.2765758e-05,0,0,0
191,2025-08-23T11:25:06.734492,7,6.770653e-05,6.887435e-05,4.577128e-05,0.00010409249,7.113801e-05,6.462926e-05,0.00017097034,2.7461352e-05,1.1332819e-05,4.508893e-05,0,0,0
192,2025-08-23T11:25:06.778437,7,6.64702e-05,7.158569e-05,5.0621773e-05,0.000105154555,7.6538316e-05,7.068076e-05,0.00015652893,2.1817295e-05,7.3741244e-06,3.793046e-05,0,0,0
193,2025-08-23T11:25:06.821493,6,6.596383e-05,6.901881e-05,5.588141e-05,0.00010808005,7.813318e-05,7.705115e-05,0.00014309723,1.956502e-05,5.3493704e-06,3.7498383e-05,0,0,0
194,2025-08-23T11:25:06.865699,7,6.902321e-05,6.9767804e-05,4.8675985e-05,9.9472825e-05,8.710908e-05,7.920182e-05,0.00016219527,2.2514576e-05,6.1918754e-06,4.6079705e-05,0,0,0
195,2025-08-23T11:25:06.913963,7,7.2863826e-05,7.169341e-05,5.50009e-05,9.1274e-05,9.6928656e-05,8.461109e-05,0.00018496878,2.0709762e-05,5.834024e-06,4.475376e-05,0,0,0
196,2025-08-23T11:25:06.958193,6,6.302406e-05,6.9261245e-05,5.1135827e-05,7.268362e-05,9.430833e-05,7.8649326e-05,0.00012442702,2.2754357e-05,7.506767e-06,4.6490055e-05,0,0,0
197,2025-08-23T11:25:07.001120,6,6.37234e-05,7.1510265e-05,4.369642e-05,8.029313e-05,9.920564e-05,9.926774e-05,0.000106353975,1.5843252e-05,8.842411e-06,4.8497808e-05,0,0,0
198,2025-08-23T11:25:07.044561,6,6.642385e-05,7.947971e-05,4.573691e-05,8.1439415e-05,9.240926e-05,0.00010121192,0.000119363845,1.8956895e-05,1.1075673e-05,4.8141e-05,0,0,0
199,2025-08-23T11:25:07.088165,6,6.425648e-05,9.2751114e-05,5.3876283e-05,7.538086e-05,8.985166e-05,9.8330966e-05,9.535659e-05,1.7253959e-05,1.189478e-05,4.3612024e-05,0,0,0
200,2025-08-23T11:25:07.132051,6,6.646076e-05,9.2620845e-05,5.808959e-05,8.196354e-05,9.621276e-05,8.84705e-05,0.00010318297,2.1668784e-05,1.0602196e-05,4.5335655e-05,0,0,0
201,2025-08-23T11:25:07.175622,7,7.0160866e-05,9.020335e-05,6.2751205e-05,7.942243e-05,9.344048e-05,0.00010741286,0.00011972189,1.9070601e-05,1.2129809e-05,4.7295172e-05,0,0,0
202,2025-08-23T11:25:07.218375,7,7.2260445e-05,7.97656e-05,6.58312e-05,9.052059e-05,8.517477e-05,0.00012450386,0.00012537432,1.7170167e-05,2.0280155e-05,4.172337e-05,0,0,0
203,2025-08-23T11:25:07.262081,6,6.5873544e-05,7.580269e-05,6.927682e-05,8.711885e-05,7.6665034e-05,0.00010193744,0.000107061904,1.745889e-05,1.8081288e-05,3.9459057e-05,0,0,0
204,2025-08-23T11:25:07.305490,7,6.758327e-05,7.0030896e-05,6.121399e-05,9.978674e-05,7.366573e-05,9.775954e-05,0.00011310354,1.6940216e-05,2.0176445e-05,5.5572375e-05,0,0,0
205,2025-08-23T11:25:07.348189,7,7.162836e-05,7.456958e-05,6.714067e-05,0.00010585033,6.7804605e-05,0.0001129647,0.00012906473,1.652616e-05,1.7673647e-05,5.306084e-05,0,0,0
206,2025-08-23T11:25:07.392717,6,6.631431e-05,7.068318e-05,7.154506e-05,9.514645e-05,6.433089e-05,0.00010247754,0.000111530586,1.4440774e-05,1.9318983e-05,4.735527e-05,0,0,0
207,2025-08-23T11:25:07.438286,7,7.575352e-05,7.883461e-05,7.78851e-05,0.00010590446,7.1439135e-05,0.00010643955,0.00014769724,1.7303928e-05,2.1650689e-05,5.4627013e-05,0,0,0
208,2025-08-23T11:25:07.482934,7,7.365115e-05,7.125811e-05,7.955808e-05,0.00010784665,6.438031e-05,0.000104648076,0.00014082476,1.5925283e-05,1.9525543e-05,5.8893587e-05,0,0,0
209,2025-08-23T11:25:07.527041,8,7.6874974e-05,6.584226e-05,7.7136094e-05,0.00012038186,7.553919e-05,0.0001114664,0.0001282913,1.9215617e-05,2.1666201e-05,7.233582e-05,0,0,0
210,2025-08-23T11:25:07.571244,8,7.663638e-05,7.460625e-05,6.511362e-05,0.00011401178,7.97938e-05,0.00011912883,0.00014441683,1.4264302e-05,1.8352013e-05,6.004004e-05,0,0,0
211,2025-08-23T11:25:07.616231,8,8.313511e-05,8.3607134e-05,6.557571e-05,0.00013187107,7.7622906e-05,0.00012999876,0.00015446126,1.3513755e-05,2.5603767e-05,6.596162e-05,0,0,0
212,2025-08-23T11:25:07.659138,7,7.624141e-05,7.712723e-05,5.7365974e-05,8.9681926e-05,7.801216e-05,0.0001289469,0.00014662177,1.5198321e-05,2.5803703e-05,6.741478e-05,0,0,0
213,2025-08-23T11:25:07.704029,8,8.002769e-05,9.74927e-05,7.2944604e-05,9.308036e-05,7.081524e-05,0.00011665861,0.00016245217,1.5420346e-05,1.9327803e-05,7.205734e-05,0,0,0
214,2025-08-23T11:25:07.748578,8,8.038605e-05,8.584823e-05,7.560399e-05,8.3751474e-05,7.701184e-05,0.000111583424,0.00016411654,1.9425792e-05,2.247902e-05,8.365412e-05,0,0,0
215,2025-08-23T11:25:07.792583,8,8.1502294e-05,8.946139e-05,7.431499e-05,0.0001129733,6.488242e-05,0.00012225872,0.00015573928,1.4238403e-05,2.5832349e-05,7.3819814e-05,0,0,0
216,2025-08-23T11:25:07.837075,7,7.589277e-05,8.6978696e-05,6.846877e-05,9.153752e-05,6.933683e-05,0.000113734306,0.00015805314,1.1744129e-05,2.7623892e-05,5.5557637e-05,0,0,0
217,2025-08-23T11:25:07.880952,8,7.9801226e-05,8.8588975e-05,6.926226e-05,0.00011108275,7.6531716e-05,0.00012372795,0.00014897512,1.7259821e-05,2.5071198e-05,5.7711328e-05,0,0,0
218,2025-08-23T11:25:07.960032,7,6.990441e-05,9.1230955e-05,6.552169e-05,7.3881005e-05,7.454264e-05,0.00010610166,0.00013469851,2.2424307e-05,1.8465696e-05,4.2273245e-05,0,0,0
219,2025-08-23T11:25:08.003945,7,7.53737e-05,9.60299e-05,6.940897e-05,9.347728e-05,6.698943e-05,0.00010402996,0.00015708091,2.2595712e-05,1.8610297e-05,5.014086e-05,0,0,0
220,2025-08-23T11:25:08.048704,7,7.573118e-05,0.00010018185,7.118308e-05,9.258723e-05,6.580062e-05,0.000116180156,0.00015503695,1.800259e-05,2.0008421e-05,4.2599724e-05,0,0,0
221,2025-08-23T11:25:08.091397,7,7.6187134e-05,0.00010891619,7.783355e-05,9.800396e-05,7.11938e-05,0.00011945981,0.00013583362,1.8777131e-05,1.6966616e-05,3.8699563e-05,0,0,0
222,2025-08-23T11:25:08.134991,7,7.231174e-05,9.3597424e-05,7.4628966e-05,9.460622e-05,7.2048184e-05,0.000114144255,0.00013053804,2.9471194e-05,1.0173973e-05,3.159741e-05,0,0,0
223,2025-08-23T11:25:08.179850,7,7.220692e-05,9.071967e-05,7.271154e-05,0.0001088577,5.8736463e-05,0.00010860533,0.00014703053,2.575636e-05,8.389807e-06,2.9054803e-05,0,0,0
224,2025-08-23T11:25:08.223597,7,6.883989e-05,9.166802e-05,6.907594e-05,9.5238844e-05,6.17125e-05,0.000115394716,0.00011616429,2.5792735e-05,1.1119131e-05,3.3392793e-05,0,0,0
225,2025-08-23T11:25:08.267990,6,6.683341e-05,8.4768595e-05,6.953345e-05,0.0001002534,5.930298e-05,0.00010695703,0.00010873283,2.607326e-05,1.1202048e-05,3.4677083e-05,0,0,0
226,2025-08-23T11:25:08.312296,6,6.520479e-05,8.8544504e-05,6.55885e-05,8.994477e-05,6.434501e-05,9.8840675e-05,9.8420205e-05,2.9339893e-05,1.3017632e-05,3.8801856e-05,0,0,0
227,2025-08-23T11:25:08.355552,7,6.922064e-05,8.4570725e-05,6.648131e-05,0.00010271071,6.360327e-05,0.00010592587,0.000109176355,3.229937e-05,1.4738325e-05,4.347986e-05,0,0,0
228,2025-08-23T11:25:08.398212,6,6.488209e-05,8.841806e-05,6.074079e-05,8.662607e-05,7.281901e-05,9.4487244e-05,9.543137e-05,3.8844537e-05,1.3277234e-05,3.329456e-05,0,0,0
229,2025-08-23T11:25:08.441186,6,6.57554e-05,8.627827e-05,6.0018287e-05,7.776843e-05,7.733373e-05,8.7427296e-05,0.00011883183,3.5824494e-05,1.1068778e-05,3.7247497e-05,0,0,0
230,2025-08-23T11:25:08.484429,6,6.63634e-05,9.104221e-05,6.3999825e-05,7.941061e-05,8.2552026e-05,8.123301e-05,0.00011227978,3.6731093e-05,9.540277e-06,4.048175e-05,0,0,0
231,2025-08-23T11:25:08.529157,6,6.4739914e-05,8.85338e-05,6.465942e-05,7.505906e-05,7.5043405e-05,8.151414e-05,9.707974e-05,4.5574063e-05,1.4280382e-05,4.0915194e-05,0,0,0
232,2025-08-23T11:25:08.573097,6,6.378959e-05,8.430837e-05,5.9399645e-05,9.132575e-05,6.8157584e-05,7.328702e-05,0.00010415416,4.772097e-05,1.3929498e-05,3.182328e-05,0,0,0
233,2025-08-23T11:25:08.617243,6,6.566495e-05,8.616248e-05,5.945623e-05,9.429256e-05,6.661267e-05,6.764389e-05,0.00012095232,4.6578563e-05,1.1881537e-05,3.7404217e-05,0,0,0
234,2025-08-23T11:25:08.661642,7,7.2592135e-05,8.7292e-05,6.364041e-05,0.00012300222,5.9270256e-05,7.5286465e-05,0.00015104383,5.1167535e-05,9.391959e-06,3.3234464e-05,0,0,0
235,2025-08-23T11:25:08.705704,8,7.895831e-05,9.435428e-05,6.1437844e-05,0.0001338319,7.202711e-05,8.6060456e-05,0.00015528576,5.372577e-05,6.6445614e-06,4.725698e-05,0,0,0
236,2025-08-23T11:25:08.749280,7,7.209447e-05,7.95429e-05,6.174656e-05,0.000112974485,6.309284e-05,9.0872294e-05,0.000119759534,5.935555e-05,1.3952223e-05,4.7553902e-05,0,0,0
237,2025-08-23T11:25:08.792343,7,7.199692e-05,7.8184275e-05,5.8149388e-05,0.000103673716,7.085303e-05,9.980905e-05,0.00010325292,5.4985223e-05,1.3606258e-05,6.545841e-05,0,0,0
238,2025-08-23T11:25:08.837556,7,7.2357914e-05,7.0515685e-05,5.773779e-05,0.00010676894,6.0989078e-05,0.00010077517,0.000109729095,5.422547e-05,1.6256703e-05,7.4223375e-05,0,0,0
239,2025-08-23T11:25:08.881456,7,7.009824e-05,6.239056e-05,6.170917e-05,0.00010739475,6.977424e-05,8.0334605e-05,0.00011306745,5.198117e-05,1.48755e-05,6.935673e-05,0,0,0
240,2025-08-23T11:25:08.924809,7,6.901532e-05,6.5466644e-05,5.874397e-05,0.000105014195,7.5691154e-05,9.332732e-05,0.000104598534,4.844399e-05,1.5155522e-05,5.469657e-05,0,0,0
241,2025-08-23T11:25:08.968484,7,7.106758e-05,6.632232e-05,5.2230134e-05,0.00011468915,7.200961e-05,8.009227e-05,0.00010863525,5.3901927e-05,1.9826062e-05,7.190154e-05,0,0,0
242,2025-08-23T11:25:09.012199,7,7.191941e-05,6.789591e-05,4.4539178e-05,9.828376e-05,8.817334e-05,8.042209e-05,0.000104817664,6.419671e-05,2.6787868e-05,7.2158145e-05,0,0,0
243,2025-08-23T11:25:09.054449,8,8.0617916e-05,6.8895046e-05,4.928592e-05,9.148102e-05,0.000116483556,9.423566e-05,0.00011593797,8.399847e-05,2.7092334e-05,7.8151235e-05,0,0,0
244,2025-08-23T11:25:09.098409,7,7.606095e-05,6.381945e-05,4.359403e-05,7.5564974e-05,0.00011676739,0.00011146258,0.00010541901,7.468292e-05,3.170105e-05,6.153708e-05,0,0,0
245,2025-08-23T11:25:09.144558,7,7.55462e-05,6.347021e-05,4.2388532e-05,7.9804944e-05,0.00010867844,9.9471734e-05,0.00010747533,8.426485e-05,3.6658763e-05,5.770299e-05,0,0,0
246,2025-08-23T11:25:09.187877,7,7.5019445e-05,6.584244e-05,5.016323e-05,9.0170346e-05,8.136133e-05,0.00010077969,0.000113580645,7.430418e-05,4.2702017e-05,5.6271118e-05,0,0,0
247,2025-08-23T11:25:09.232794,8,7.937023e-05,6.7816094e-05,5.0472365e-05,9.388286e-05,0.00010463228,0.0001046331,0.00011185495,7.3942996e-05,4.5541576e-05,6.1555824e-05,0,0,0
248,2025-08-23T11:25:09.277369,8,7.9825004e-05,5.896436e-05,4.9631664e-05,9.744016e-05,8.473999e-05,0.00010565593,0.00012135677,7.7055316e-05,6.113713e-05,6.24437e-05,0,0,0
249,2025-08-23T11:25:09.321843,8,7.8600395e-05,6.7564084e-05,4.356268e-05,9.35731e-05,8.136586e-05,9.817629e-05,0.00013053672,7.366197e-05,6.228082e-05,5.6682e-05,0,0,0
250,2025-08-23T11:25:09.366673,8,7.7655015e-05,6.962346e-05,4.502919e-05,0.00010016522,8.243797e-05,9.336192e-05,0.00011621266,7.79449e-05,5.5154665e-05,5.896518e-05,0,0,0
251,2025-08-23T11:25:09.410020,7,7.254818e-05,6.7248235e-05,5.2050156e-05,9.8035074e-05,5.7914316e-05,8.811315e-05,0.00012362126,6.411436e-05,5.305319e-05,4.8783815e-05,0,0,0
252,2025-08-23T11:25:09.454325,7,6.949021e-05,6.368282e-05,5.2016185e-05,0.0001045636,5.702246e-05,8.323406e-05,0.00012212891,5.296974e-05,4.543024e-05,4.4363926e-05,0,0,0
253,2025-08-23T11:25:09.497939,6,6.5330234e-05,5.762738e-05,5.7125133e-05,0.000108585285,5.4856024e-05,7.377135e-05,0.00011699015,4.418981e-05,3.4211764e-05,4.0615225e-05,0,0,0
254,2025-08-23T11:25:09.541567,6,6.604848e-05,5.5649605e-05,5.5496785e-05,0.000103185295,4.9876333e-05,7.785073e-05,0.00012091403,4.627705e-05,4.1353906e-05,4.3832515e-05,0,0,0
255,2025-08-23T11:25:09.586492,7,6.913597e-05,5.8186353e-05,5.5846132e-05,0.00012477723,4.2490065e-05,8.852294e-05,0.00013192001,3.7708625e-05,4.0488634e-05,4.2283762e-05,0,0,0
256,2025-08-23T11:25:09.631499,0,4.7217086e-06,7.1946793e-06,4.9257314e-06,6.4748524e-06,4.213793e-06,1.0280309e-06,2.560077e-06,7.279785e-06,3.5574692e-06,5.2609566e-06,0,0,0
