frame,timestamp,crowd_count,avg_magnitude,max_magnitude,direction_variance,confidence_score,stampede_detected,crowd_score,motion_score,chaos_score
2,2025-08-23T09:27:56.118960,18,1.3509423732757568,36.13640594482422,3.3548765182495117,63.34589831034343,No,0.36,0.5403769493103028,1.0
4,2025-08-23T09:27:56.696233,17,1.3184469938278198,25.948062896728516,3.459677219390869,62.24595991770426,No,0.34,0.5273787975311279,1.0
6,2025-08-23T09:27:57.267044,14,1.2485222816467285,33.37863540649414,3.4672293663024902,59.313630421956375,No,0.28,0.4994089126586914,1.0
8,2025-08-23T09:27:57.778188,14,1.1503816843032837,42.85707473754883,3.755127429962158,58.005089124043785,No,0.28,0.46015267372131347,1.0
10,2025-08-23T09:27:58.367066,13,1.0239026546478271,40.12466049194336,3.471463680267334,55.65203539530437,No,0.26,0.4095610618591309,1.0
12,2025-08-23T09:27:58.946509,15,0.9402957558631897,42.203033447265625,3.641481399536133,55.870610078175865,No,0.3,0.3761183023452759,1.0
14,2025-08-23T09:27:59.519937,15,0.9419337511062622,38.969688415527344,3.2881245613098145,55.89245001475016,No,0.3,0.3767735004425049,1.0
16,2025-08-23T09:28:00.101218,15,0.9107062816619873,37.87421798706055,3.376307249069214,55.476083755493164,No,0.3,0.36428251266479494,1.0
18,2025-08-23T09:28:00.694652,15,1.0419421195983887,56.24881362915039,3.6540768146514893,57.225894927978516,No,0.3,0.4167768478393555,1.0
20,2025-08-23T09:28:01.261871,14,0.6725329756736755,53.396366119384766,3.9106664657592773,51.633773008982345,No,0.28,0.26901319026947024,1.0
22,2025-08-23T09:28:01.822080,14,0.6838163733482361,24.380542755126953,3.7240052223205566,51.784218311309814,No,0.28,0.27352654933929443,1.0
24,2025-08-23T09:28:02.401642,14,0.6989358067512512,17.73614501953125,3.633436679840088,51.98581075668335,No,0.28,0.2795743227005005,1.0
26,2025-08-23T09:28:02.981998,13,0.7108752727508545,18.700838088989258,3.366422414779663,51.4783369700114,No,0.26,0.2843501091003418,1.0
28,2025-08-23T09:28:03.600678,13,0.7474702000617981,20.150127410888672,3.3056535720825195,51.9662693341573,No,0.26,0.2989880800247192,1.0
30,2025-08-23T09:28:04.165500,13,0.7818150520324707,23.165237426757812,3.0920400619506836,52.424200693766274,No,0.26,0.3127260208129883,1.0
32,2025-08-23T09:28:04.737363,13,0.8025025129318237,31.23102378845215,2.6647024154663086,52.700033505757645,No,0.26,0.3210010051727295,1.0
34,2025-08-23T09:28:05.303256,15,0.9050667881965637,42.296173095703125,3.05303692817688,55.400890509287514,No,0.3,0.3620267152786255,1.0
36,2025-08-23T09:28:05.857558,15,0.9826052784919739,41.537200927734375,3.176234006881714,56.43473704655965,No,0.3,0.3930421113967896,1.0
38,2025-08-23T09:28:06.393620,12,1.0066825151443481,31.302644729614258,2.977684497833252,54.7557668685913,No,0.24,0.40267300605773926,1.0
40,2025-08-23T09:28:06.983289,11,0.9722957611083984,58.01418685913086,3.974618673324585,53.63061014811198,No,0.22,0.3889183044433594,1.0
42,2025-08-23T09:28:07.560042,14,1.2353925704956055,96.76435852050781,4.178578853607178,59.13856760660807,No,0.28,0.4941570281982422,1.0
44,2025-08-23T09:28:08.150766,13,0.8784639239311218,45.589447021484375,4.893733978271484,53.71285231908162,No,0.26,0.3513855695724487,1.0
46,2025-08-23T09:28:08.745614,14,0.9467456340789795,33.50773239135742,4.234148979187012,55.289941787719734,No,0.28,0.3786982536315918,1.0
48,2025-08-23T09:28:09.328559,15,1.0182242393493652,29.846317291259766,4.039710521697998,56.9096565246582,No,0.3,0.4072896957397461,1.0
50,2025-08-23T09:28:09.898017,15,1.0698890686035156,28.86478614807129,3.7826383113861084,57.598520914713546,No,0.3,0.42795562744140625,1.0
52,2025-08-23T09:28:10.426998,15,1.0898964405059814,33.47877883911133,3.5572142601013184,57.865285873413086,No,0.3,0.4359585762023926,1.0
54,2025-08-23T09:28:10.970990,15,1.0773842334747314,51.48361587524414,3.4606127738952637,57.69845644632975,No,0.3,0.4309536933898926,1.0
56,2025-08-23T09:28:11.497338,15,1.0130045413970947,31.56721305847168,3.3237593173980713,56.84006055196126,No,0.3,0.4052018165588379,1.0
58,2025-08-23T09:28:12.078681,15,0.8862559795379639,27.248584747314453,3.4678430557250977,55.15007972717285,No,0.3,0.35450239181518556,1.0
60,2025-08-23T09:28:12.667900,16,0.764898955821991,17.668710708618164,3.4878756999969482,54.19865274429322,No,0.32,0.3059595823287964,1.0
62,2025-08-23T09:28:13.246228,15,0.776075005531311,27.449399948120117,3.2520604133605957,53.681000073750816,No,0.3,0.3104300022125244,1.0
64,2025-08-23T09:28:13.853831,16,0.8214264512062073,33.929908752441406,3.3762142658233643,54.95235268274943,No,0.32,0.3285705804824829,1.0
66,2025-08-23T09:28:14.449747,16,1.0724244117736816,41.66667556762695,3.1626152992248535,58.29899215698242,No,0.32,0.4289697647094727,1.0
68,2025-08-23T09:28:15.135456,16,0.6750941872596741,18.142789840698242,2.8284196853637695,53.00125583012899,No,0.32,0.27003767490386965,1.0
70,2025-08-23T09:28:15.707370,15,0.727476954460144,14.921360969543457,2.959559679031372,53.03302605946859,No,0.3,0.29099078178405763,1.0
72,2025-08-23T09:28:16.300557,16,0.8355419039726257,17.214649200439453,2.917424440383911,55.14055871963501,No,0.32,0.3342167615890503,1.0
74,2025-08-23T09:28:16.886075,15,0.9373214244842529,84.1639175415039,2.942307710647583,55.8309523264567,No,0.3,0.37492856979370115,1.0
76,2025-08-23T09:28:17.468118,14,0.9045440554618835,41.26325225830078,2.727297782897949,54.72725407282512,No,0.28,0.36181762218475344,1.0
78,2025-08-23T09:28:18.034882,14,0.805641233921051,22.260772705078125,2.651110887527466,53.408549785614014,No,0.28,0.3222564935684204,1.0
80,2025-08-23T09:28:18.613833,13,0.7615948915481567,24.722862243652344,2.133161783218384,52.154598553975426,No,0.26,0.3046379566192627,1.0
82,2025-08-23T09:28:19.196053,12,0.7836759090423584,25.63212013244629,2.021652936935425,51.78234545389812,No,0.24,0.31347036361694336,1.0
84,2025-08-23T09:28:19.794691,13,0.8437424302101135,36.37993621826172,1.9534881114959717,53.24989906946818,No,0.26,0.3374969720840454,1.0
86,2025-08-23T09:28:20.365408,14,0.8226616978645325,24.312049865722656,2.350864887237549,53.63548930486043,No,0.28,0.329064679145813,1.0
88,2025-08-23T09:28:20.956534,13,1.164327621459961,50.925968170166016,2.385566473007202,57.52436828613282,No,0.26,0.4657310485839844,1.0
90,2025-08-23T09:28:21.548250,15,0.8801780939102173,33.88856887817383,2.7388343811035156,55.06904125213623,No,0.3,0.3520712375640869,1.0
92,2025-08-23T09:28:22.076725,14,0.8447413444519043,33.7348518371582,3.2551865577697754,53.929884592692055,No,0.28,0.33789653778076173,1.0
94,2025-08-23T09:28:22.600204,15,0.8873242735862732,34.53175735473633,2.6833958625793457,55.16432364781697,No,0.3,0.3549297094345093,1.0
96,2025-08-23T09:28:23.129048,14,0.9346394538879395,28.495216369628906,2.663358211517334,55.12852605183919,No,0.28,0.3738557815551758,1.0
98,2025-08-23T09:28:23.724629,13,1.0452673435211182,31.696561813354492,2.90878963470459,55.936897913614914,No,0.26,0.4181069374084473,1.0
100,2025-08-23T09:28:24.373254,14,1.1786253452301025,36.24568557739258,3.109001636505127,58.3816712697347,No,0.28,0.471450138092041,1.0
102,2025-08-23T09:28:25.024111,13,1.2787307500839233,32.5701789855957,3.206894874572754,59.04974333445231,No,0.26,0.5114923000335694,1.0
104,2025-08-23T09:28:25.638686,12,1.3106898069381714,39.06254196166992,3.295743465423584,58.809197425842285,No,0.24,0.5242759227752686,1.0
106,2025-08-23T09:28:26.326095,13,1.2937761545181274,31.744348526000977,4.119775295257568,59.25034872690836,No,0.26,0.517510461807251,1.0
108,2025-08-23T09:28:26.923670,14,1.2278780937194824,30.49990463256836,3.9447109699249268,59.03837458292644,No,0.28,0.491151237487793,1.0
110,2025-08-23T09:28:27.533708,15,1.177890658378601,24.839731216430664,3.612882375717163,59.038542111714676,No,0.3,0.47115626335144045,1.0
112,2025-08-23T09:28:28.111874,14,1.5732144117355347,49.03722381591797,3.4284982681274414,63.64285882314046,No,0.28,0.6292857646942138,1.0
114,2025-08-23T09:28:28.638730,12,1.1559689044952393,30.642335891723633,3.320336103439331,56.746252059936516,No,0.24,0.4623875617980957,1.0
116,2025-08-23T09:28:29.164038,13,1.1582000255584717,27.952836990356445,3.1093225479125977,57.44266700744629,No,0.26,0.46328001022338866,1.0
118,2025-08-23T09:28:29.719838,14,1.0965579748153687,29.939048767089844,3.0328235626220703,57.28743966420492,No,0.28,0.43862318992614746,1.0
120,2025-08-23T09:28:30.334405,14,1.1213949918746948,31.364221572875977,3.1092774868011475,57.618599891662605,No,0.28,0.44855799674987795,1.0
122,2025-08-23T09:28:30.908804,16,1.1656737327575684,32.044166564941406,3.148717164993286,59.542316436767585,No,0.32,0.46626949310302734,1.0
124,2025-08-23T09:28:31.508509,16,1.1776846647262573,35.760257720947266,3.344019651412964,59.702462196350105,No,0.32,0.47107386589050293,1.0
126,2025-08-23T09:28:32.099969,15,1.124211311340332,36.32948303222656,3.575883150100708,58.32281748453776,No,0.3,0.44968452453613283,1.0
128,2025-08-23T09:28:32.701709,14,1.1004160642623901,50.11876678466797,3.2507965564727783,57.338880856831864,No,0.28,0.44016642570495607,1.0
130,2025-08-23T09:28:33.291228,14,1.089534878730774,64.36959075927734,2.828900098800659,57.19379838307699,No,0.28,0.43581395149230956,1.0
132,2025-08-23T09:28:33.939526,13,1.082645058631897,52.3934211730957,2.519287347793579,56.4352674484253,No,0.26,0.4330580234527588,1.0
134,2025-08-23T09:28:34.504847,15,1.1066545248031616,48.754024505615234,2.4114809036254883,58.088726997375495,No,0.3,0.44266180992126464,1.0
136,2025-08-23T09:28:35.117159,16,1.4269413948059082,53.85297393798828,2.465402603149414,63.025885264078774,No,0.32,0.5707765579223633,1.0
138,2025-08-23T09:28:35.646751,19,1.0562680959701538,31.820114135742188,2.2324166297912598,60.08357461293539,No,0.38,0.42250723838806153,1.0
140,2025-08-23T09:28:36.177085,15,1.0467745065689087,31.047807693481445,2.6390655040740967,57.29032675425212,No,0.3,0.41870980262756347,1.0
142,2025-08-23T09:28:36.734817,13,1.0048071146011353,54.415409088134766,2.481955051422119,55.39742819468181,No,0.26,0.4019228458404541,1.0
144,2025-08-23T09:28:37.375105,14,0.9897229671478271,41.32823181152344,2.6812222003936768,55.86297289530437,No,0.28,0.3958891868591309,1.0
146,2025-08-23T09:28:38.012916,15,1.0290685892105103,56.13670349121094,2.4299421310424805,57.05424785614014,No,0.3,0.4116274356842041,1.0
148,2025-08-23T09:28:38.597614,12,1.0221210718154907,40.9402961730957,2.221179723739624,54.961614290873214,No,0.24,0.4088484287261963,1.0
150,2025-08-23T09:28:39.233025,14,0.9956605434417725,42.54557418823242,1.8423157930374146,55.94214057922363,No,0.28,0.398264217376709,1.0
152,2025-08-23T09:28:39.842626,15,0.9555754661560059,56.50595474243164,1.908061146736145,56.07433954874674,No,0.3,0.38223018646240237,1.0
154,2025-08-23T09:28:40.422502,14,0.9422029852867126,60.66093063354492,2.437283515930176,55.229373137156166,No,0.28,0.37688119411468507,1.0
156,2025-08-23T09:28:41.015154,14,0.8056488037109375,55.9217643737793,2.5634074211120605,53.408650716145836,No,0.28,0.322259521484375,1.0
158,2025-08-23T09:28:41.610005,14,0.8702127933502197,34.59738540649414,3.05566668510437,54.26950391133626,No,0.28,0.3480851173400879,1.0
160,2025-08-23T09:28:42.236998,14,0.6031913161277771,17.739856719970703,2.3214805126190186,50.70921754837037,No,0.28,0.24127652645111083,1.0
162,2025-08-23T09:28:42.826807,14,0.6165940761566162,47.27096176147461,2.537595510482788,50.887921015421554,No,0.28,0.24663763046264647,1.0
164,2025-08-23T09:28:43.380902,12,0.637347936630249,33.63640213012695,3.0827434062957764,49.83130582173665,No,0.24,0.2549391746520996,1.0
166,2025-08-23T09:28:43.914705,12,0.5970441102981567,32.269229888916016,2.9798898696899414,49.29392147064209,No,0.24,0.2388176441192627,1.0
168,2025-08-23T09:28:44.505917,13,0.575230598449707,22.17335319519043,3.0728068351745605,49.66974131266276,No,0.26,0.23009223937988282,1.0
170,2025-08-23T09:28:45.113856,12,0.556178867816925,23.68317413330078,3.188328981399536,48.749051570892334,No,0.24,0.22247154712677003,1.0
172,2025-08-23T09:28:45.715720,11,0.5991780161857605,28.655689239501953,3.1773154735565186,48.65570688247681,No,0.22,0.2396712064743042,1.0
174,2025-08-23T09:28:46.328616,12,0.6307774186134338,30.566741943359375,3.251129150390625,49.74369891484578,No,0.24,0.2523109674453735,1.0
176,2025-08-23T09:28:46.945016,13,0.663447380065918,40.47706604003906,3.470911741256714,50.84596506754557,No,0.26,0.2653789520263672,1.0
178,2025-08-23T09:28:47.546053,15,0.6754376888275146,63.98373031616211,3.8870277404785156,52.33916918436686,No,0.3,0.27017507553100584,1.0
180,2025-08-23T09:28:48.067884,10,0.7289679050445557,81.71084594726562,4.39815092086792,49.71957206726074,No,0.2,0.29158716201782225,1.0
182,2025-08-23T09:28:48.666895,10,0.8712289929389954,46.43620681762695,4.034550666809082,51.616386572519936,No,0.2,0.34849159717559813,1.0
184,2025-08-23T09:28:49.181758,10,0.5885127782821655,27.46091651916504,3.450157403945923,47.84683704376221,No,0.2,0.2354051113128662,1.0
186,2025-08-23T09:28:49.763766,13,0.5900959372520447,40.02065658569336,3.24452543258667,49.86794583002727,No,0.26,0.23603837490081786,1.0
188,2025-08-23T09:28:50.351643,11,0.49697044491767883,33.656471252441406,3.4448606967926025,47.29293926556905,No,0.22,0.19878817796707154,1.0
190,2025-08-23T09:28:50.956349,11,0.46709969639778137,43.92490005493164,3.4265694618225098,46.894662618637085,No,0.22,0.18683987855911255,1.0
192,2025-08-23T09:28:51.579895,12,0.45438918471336365,25.689790725708008,3.2501015663146973,47.39185579617818,No,0.24,0.18175567388534547,1.0
194,2025-08-23T09:28:52.142523,12,0.48832279443740845,25.44460105895996,3.3099265098571777,47.844303925832115,No,0.24,0.19532911777496337,1.0
196,2025-08-23T09:28:52.706936,13,0.5166246891021729,20.797800064086914,2.989640712738037,48.88832918802897,No,0.26,0.20664987564086915,1.0
198,2025-08-23T09:28:53.231938,13,0.5486775040626526,23.181751251220703,2.9579806327819824,49.3157000541687,No,0.26,0.21947100162506103,1.0
200,2025-08-23T09:28:53.758495,12,0.583313524723053,21.938335418701172,2.6974966526031494,49.11084699630737,No,0.24,0.23332540988922118,1.0
202,2025-08-23T09:28:54.314099,11,0.6073883175849915,23.082717895507812,2.6031994819641113,48.76517756779988,No,0.22,0.24295532703399658,1.0
204,2025-08-23T09:28:54.919614,11,0.6255749464035034,70.64269256591797,2.8285512924194336,49.007665952046715,No,0.22,0.2502299785614014,1.0
206,2025-08-23T09:28:55.521660,12,0.8753052353858948,44.6502685546875,2.7364535331726074,53.00406980514526,No,0.24,0.3501220941543579,1.0
208,2025-08-23T09:28:56.097442,13,0.6337458491325378,22.293712615966797,2.7743213176727295,50.44994465510051,No,0.26,0.25349833965301516,1.0
210,2025-08-23T09:28:56.717945,11,0.596490740776062,23.487079620361328,2.7987165451049805,48.61987654368083,No,0.22,0.2385962963104248,1.0
212,2025-08-23T09:28:57.307268,11,0.57627272605896,27.07115936279297,2.7054882049560547,48.35030301411947,No,0.22,0.23050909042358397,1.0
214,2025-08-23T09:28:57.893356,11,0.5585760474205017,29.975910186767578,2.7137579917907715,48.114347298940025,No,0.22,0.22343041896820068,1.0
216,2025-08-23T09:28:58.425717,11,0.5472812056541443,43.007198333740234,2.690833330154419,47.963749408721924,No,0.22,0.21891248226165771,1.0
218,2025-08-23T09:28:58.950307,11,0.48183077573776245,39.22649002075195,2.972296953201294,47.09107700983684,No,0.22,0.19273231029510499,1.0
220,2025-08-23T09:28:59.495144,12,0.48343929648399353,42.80714797973633,2.916217803955078,47.779190619786576,No,0.24,0.19337571859359742,1.0
222,2025-08-23T09:29:00.080332,12,0.5435841679573059,46.81221389770508,2.2761526107788086,48.58112223943074,No,0.24,0.21743366718292237,1.0
224,2025-08-23T09:29:00.656903,16,0.5722610950469971,29.2764835357666,2.061563730239868,51.63014793395996,No,0.32,0.22890443801879884,1.0
226,2025-08-23T09:29:01.231852,15,0.5538375377655029,29.534936904907227,2.066431760787964,50.717833836873375,No,0.3,0.22153501510620116,1.0
228,2025-08-23T09:29:01.830646,14,0.5650923252105713,46.082794189453125,2.032968759536743,50.201231002807624,No,0.28,0.2260369300842285,1.0
230,2025-08-23T09:29:02.521739,13,0.5889847874641418,53.72303771972656,2.6411681175231934,49.85313049952189,No,0.26,0.23559391498565674,1.0
232,2025-08-23T09:29:03.085804,13,0.4082747995853424,29.0383358001709,3.1582930088043213,47.44366399447124,No,0.26,0.16330991983413695,1.0
234,2025-08-23T09:29:03.655888,14,0.39916226267814636,29.914714813232422,3.2118024826049805,47.98883016904195,No,0.28,0.15966490507125855,1.0
236,2025-08-23T09:29:04.238530,13,0.3667316734790802,49.07255172729492,3.071993350982666,46.889755646387734,No,0.26,0.14669266939163209,1.0
238,2025-08-23T09:29:04.827755,10,0.38719823956489563,47.142005920410156,3.061379909515381,45.16264319419861,No,0.2,0.15487929582595825,1.0
240,2025-08-23T09:29:05.508378,11,0.36891332268714905,29.12114143371582,3.177551031112671,45.58551096916199,No,0.22,0.1475653290748596,1.0
242,2025-08-23T09:29:06.079470,8,0.3743007779121399,40.582942962646484,2.891099452972412,43.65734370549521,No,0.16,0.14972031116485596,1.0
244,2025-08-23T09:29:06.656633,11,0.29723504185676575,38.748634338378906,2.905050277709961,44.62980055809021,No,0.22,0.1188940167427063,1.0
246,2025-08-23T09:29:07.229069,9,0.28115585446357727,42.95720291137695,3.0204997062683105,43.08207805951436,No,0.18,0.11246234178543091,1.0
248,2025-08-23T09:29:07.806710,7,0.2557632029056549,52.17087173461914,3.2133991718292236,41.410176038742065,No,0.14,0.10230528116226197,1.0
250,2025-08-23T09:29:08.374085,12,0.2560085952281952,61.421241760253906,3.379828453063965,44.74678126970926,No,0.24,0.10240343809127808,1.0
252,2025-08-23T09:29:08.946835,11,0.3560515344142914,100.90382385253906,3.3634300231933594,45.41402045885722,No,0.22,0.14242061376571655,1.0
254,2025-08-23T09:29:09.508040,12,0.20479708909988403,52.173397064208984,3.4975457191467285,44.06396118799845,No,0.24,0.08191883563995361,1.0
256,2025-08-23T09:29:10.084369,12,0.17377686500549316,53.11329650878906,3.499027967453003,43.65035820007324,No,0.24,0.06951074600219727,1.0
258,2025-08-23T09:29:10.643438,13,0.208648681640625,26.148086547851562,3.517176628112793,44.78198242187499,No,0.26,0.08345947265625,1.0
260,2025-08-23T09:29:11.202812,12,0.3391730487346649,52.17920684814453,3.674692392349243,45.85564064979553,No,0.24,0.13566921949386596,1.0
262,2025-08-23T09:29:11.785053,12,0.5633623003959656,126.62455749511719,3.5728633403778076,48.84483067194621,No,0.24,0.22534492015838622,1.0
264,2025-08-23T09:29:12.307363,11,0.5080996751785278,141.7868194580078,3.3396196365356445,47.441329002380364,No,0.22,0.20323987007141114,1.0
266,2025-08-23T09:29:12.849339,10,0.47985023260116577,241.9973907470703,3.0486056804656982,46.39800310134888,No,0.2,0.1919400930404663,1.0
268,2025-08-23T09:29:13.361413,9,0.35173556208610535,54.63691329956055,3.1745800971984863,44.023140827814736,No,0.18,0.14069422483444213,1.0
270,2025-08-23T09:29:13.946632,14,0.37185022234916687,45.61996841430664,3.4452788829803467,47.62466963132222,No,0.28,0.14874008893966675,1.0
272,2025-08-23T09:29:14.528738,14,0.36205318570137024,44.19572448730469,3.31168532371521,47.49404247601827,No,0.28,0.14482127428054808,1.0
274,2025-08-23T09:29:15.103458,15,0.3346779942512512,29.30567741394043,3.2962002754211426,47.795706590016685,No,0.3,0.1338711977005005,1.0
276,2025-08-23T09:29:15.714288,14,0.40562301874160767,31.43688201904297,3.362539052963257,48.074973583221436,No,0.28,0.16224920749664307,1.0
278,2025-08-23T09:29:16.276777,13,0.26429322361946106,23.266141891479492,2.8150861263275146,45.52390964825948,No,0.26,0.10571728944778443,1.0
280,2025-08-23T09:29:16.859361,13,0.26378706097602844,21.3934383392334,2.7688419818878174,45.51716081301371,No,0.26,0.10551482439041138,1.0
282,2025-08-23T09:29:17.423627,13,0.25386807322502136,19.24833869934082,2.455040693283081,45.38490764300029,No,0.26,0.10154722929000855,1.0
284,2025-08-23T09:29:18.008938,15,0.287779301404953,17.609724044799805,2.5323832035064697,47.17039068539937,No,0.3,0.1151117205619812,1.0
286,2025-08-23T09:29:18.597354,15,0.32455047965049744,21.099172592163086,2.9600918292999268,47.66067306200663,No,0.3,0.12982019186019897,1.0
288,2025-08-23T09:29:19.170780,13,0.3403998613357544,16.090051651000977,3.187680721282959,46.53866481781006,No,0.26,0.13615994453430175,1.0
290,2025-08-23T09:29:19.743273,13,0.32976144552230835,20.23052978515625,3.0670864582061768,46.396819273630776,No,0.26,0.13190457820892335,1.0
292,2025-08-23T09:29:20.321484,12,0.34103894233703613,35.60707473754883,3.0592691898345947,45.88051923116048,No,0.24,0.13641557693481446,1.0
294,2025-08-23T09:29:20.911598,12,0.37241825461387634,46.74599075317383,3.1613376140594482,46.29891006151834,No,0.24,0.14896730184555054,1.0
296,2025-08-23T09:29:21.432543,12,0.40086832642555237,35.3936882019043,3.0807700157165527,46.6782443523407,No,0.24,0.16034733057022094,1.0
298,2025-08-23T09:29:21.944568,11,0.44291454553604126,40.58740997314453,3.088663339614868,46.57219394048055,No,0.22,0.17716581821441652,1.0
300,2025-08-23T09:29:22.464918,11,0.4987594783306122,47.63931655883789,3.318399429321289,47.316793044408165,No,0.22,0.19950379133224488,1.0
302,2025-08-23T09:29:23.056268,12,0.3254714608192444,16.994861602783203,3.4383842945098877,45.672952810923256,No,0.24,0.13018858432769775,1.0
304,2025-08-23T09:29:23.679696,12,0.3267627954483032,21.583595275878906,4.109512805938721,45.69017060597738,No,0.24,0.1307051181793213,1.0
306,2025-08-23T09:29:24.269250,14,0.31170013546943665,14.275579452514648,3.9416956901550293,46.82266847292582,No,0.28,0.12468005418777466,1.0
308,2025-08-23T09:29:24.916170,14,0.2605564594268799,23.51085662841797,3.2437639236450195,46.140752792358406,No,0.28,0.10422258377075196,1.0
310,2025-08-23T09:29:25.483783,14,0.253624826669693,20.00510597229004,3.4210593700408936,46.04833102226258,No,0.28,0.10144993066787719,1.0
312,2025-08-23T09:29:26.055060,10,0.2681022882461548,22.276079177856445,3.55226993560791,43.574697176615395,No,0.2,0.10724091529846191,1.0
314,2025-08-23T09:29:26.625130,14,0.3226034641265869,17.8228702545166,3.3764641284942627,46.96804618835449,No,0.28,0.12904138565063478,1.0
316,2025-08-23T09:29:27.243889,12,0.3545047342777252,33.12516403198242,2.9824914932250977,46.060063123703,No,0.24,0.1418018937110901,1.0
318,2025-08-23T09:29:27.813962,12,0.37876206636428833,25.146827697753906,2.7098276615142822,46.383494218190506,No,0.24,0.15150482654571534,1.0
320,2025-08-23T09:29:28.399903,14,0.35793739557266235,17.121225357055664,3.0586087703704834,47.43916527430216,No,0.28,0.14317495822906495,1.0
322,2025-08-23T09:29:29.100611,11,0.48389989137649536,20.17592430114746,3.050837993621826,47.118665218353264,No,0.22,0.19355995655059816,1.0
324,2025-08-23T09:29:29.678927,11,0.3892020881175995,36.51778030395508,3.2728164196014404,45.85602784156799,No,0.22,0.1556808352470398,1.0
326,2025-08-23T09:29:30.245890,11,0.3587071895599365,33.998260498046875,3.502232789993286,45.449429194132485,No,0.22,0.14348287582397462,1.0
328,2025-08-23T09:29:30.822398,13,0.32907503843307495,26.134464263916016,3.5142524242401123,46.387667179107666,No,0.26,0.13163001537323,1.0
330,2025-08-23T09:29:31.387992,13,0.2965509295463562,16.895261764526367,3.4867358207702637,45.95401239395141,No,0.26,0.11862037181854249,1.0
332,2025-08-23T09:29:31.976679,13,0.32227134704589844,25.16583824157715,3.393397808074951,46.29695129394531,No,0.26,0.12890853881835937,1.0
334,2025-08-23T09:29:32.550443,13,0.3307081460952759,18.91956901550293,2.8123652935028076,46.40944194793701,No,0.26,0.13228325843811034,1.0
336,2025-08-23T09:29:33.121823,14,0.3247392475605011,35.85773849487305,2.7909460067749023,46.99652330080668,No,0.28,0.12989569902420045,1.0
338,2025-08-23T09:29:33.697419,14,0.2835555076599121,41.29322814941406,2.840111255645752,46.447406768798835,No,0.28,0.11342220306396485,1.0
340,2025-08-23T09:29:34.300286,13,0.2537282109260559,6.923206806182861,3.7939765453338623,45.38304281234741,No,0.26,0.10149128437042236,1.0
342,2025-08-23T09:29:34.821920,12,0.2602322995662689,6.762578010559082,3.405611276626587,44.803097327550255,No,0.24,0.10409291982650756,1.0
344,2025-08-23T09:29:35.343571,13,0.27455270290374756,9.911476135253906,3.605996608734131,45.6607027053833,No,0.26,0.10982108116149902,1.0
346,2025-08-23T09:29:35.890395,14,0.42334088683128357,19.981298446655273,4.313666343688965,48.311211824417114,No,0.28,0.16933635473251343,1.0
348,2025-08-23T09:29:36.540614,13,0.34455686807632446,8.375886917114258,3.755706787109375,46.59409157435099,No,0.26,0.13782274723052979,1.0
350,2025-08-23T09:29:37.133141,13,0.34252408146858215,12.95271110534668,3.341838836669922,46.56698775291443,No,0.26,0.13700963258743287,1.0
352,2025-08-23T09:29:37.706887,13,0.33324646949768066,9.607840538024902,3.5137147903442383,46.44328625996907,No,0.26,0.13329858779907228,1.0
354,2025-08-23T09:29:38.289476,14,0.3242173194885254,11.130913734436035,3.4549689292907715,46.989564259847,No,0.28,0.12968692779541016,1.0
356,2025-08-23T09:29:38.863362,14,0.3447146713733673,11.886026382446289,3.7263693809509277,47.26286228497823,No,0.28,0.13788586854934692,1.0
358,2025-08-23T09:29:39.425603,13,0.33747929334640503,16.633216857910156,3.528479814529419,46.4997239112854,No,0.26,0.13499171733856202,1.0
360,2025-08-23T09:29:40.013270,13,0.30873340368270874,13.165945053100586,3.550166606903076,46.11644538243612,No,0.26,0.1234933614730835,1.0
362,2025-08-23T09:29:40.597647,14,0.32540664076805115,12.54180908203125,3.213319778442383,47.00542187690735,No,0.28,0.13016265630722046,1.0
364,2025-08-23T09:29:41.171140,15,0.3444201946258545,15.264430046081543,3.802643299102783,47.9256025950114,No,0.3,0.13776807785034179,1.0
366,2025-08-23T09:29:41.749714,13,0.34183382987976074,12.416722297668457,3.5675556659698486,46.55778439839681,No,0.26,0.1367335319519043,1.0
368,2025-08-23T09:29:42.353936,12,0.31003573536872864,15.482775688171387,3.412649154663086,45.46714313824971,No,0.24,0.12401429414749146,1.0
370,2025-08-23T09:29:42.922651,13,0.40581104159355164,56.44757080078125,3.451148509979248,47.410813887914024,No,0.26,0.16232441663742064,1.0
372,2025-08-23T09:29:43.448370,14,0.2690111994743347,13.51412582397461,2.815854787826538,46.25348265965779,No,0.28,0.10760447978973389,1.0
374,2025-08-23T09:29:43.963784,14,0.28188154101371765,23.587081909179688,2.7645106315612793,46.425087213516235,No,0.28,0.11275261640548706,1.0
376,2025-08-23T09:29:44.487643,13,0.30673325061798096,14.061762809753418,3.01539945602417,46.08977667490641,No,0.26,0.12269330024719238,1.0
378,2025-08-23T09:29:45.079040,12,0.3278111219406128,17.19899559020996,3.1796414852142334,45.704148292541504,No,0.24,0.13112444877624513,1.0
380,2025-08-23T09:29:45.660445,11,0.3444291949272156,29.12389373779297,2.9437103271484375,45.25905593236288,No,0.22,0.13777167797088624,1.0
382,2025-08-23T09:29:46.238787,12,0.34972742199897766,27.076234817504883,2.8161752223968506,45.99636562665304,No,0.24,0.13989096879959106,1.0
384,2025-08-23T09:29:46.821410,13,0.3669574558734894,32.06863021850586,2.761204481124878,46.892766078313194,No,0.26,0.14678298234939574,1.0
386,2025-08-23T09:29:47.436721,14,0.3273698687553406,36.347660064697266,2.9382004737854004,47.03159825007121,No,0.28,0.13094794750213623,1.0
388,2025-08-23T09:29:48.126189,14,0.3028944432735443,32.27516174316406,2.994115114212036,46.705259243647255,No,0.28,0.12115777730941772,1.0
390,2025-08-23T09:29:48.741204,12,0.2803753614425659,39.74048614501953,2.8872854709625244,45.07167148590088,No,0.24,0.11215014457702636,1.0
392,2025-08-23T09:29:49.401063,13,0.24639566242694855,21.140405654907227,2.7701408863067627,45.285275499025985,No,0.26,0.09855826497077942,1.0
394,2025-08-23T09:29:49.978467,13,0.28815507888793945,30.539268493652344,2.8023526668548584,45.84206771850586,No,0.26,0.11526203155517578,1.0
396,2025-08-23T09:29:50.554807,13,0.22608256340026855,31.491418838500977,2.7723989486694336,45.01443417867026,No,0.26,0.09043302536010742,1.0
398,2025-08-23T09:29:51.068705,16,0.21974687278270721,22.957468032836914,2.9058873653411865,46.92995830376943,No,0.32,0.08789874911308289,1.0
400,2025-08-23T09:29:51.618940,12,0.2403939813375473,26.345041275024414,2.8754119873046875,44.53858641783396,No,0.24,0.09615759253501892,1.0
